Title,Streaming Platform,Release Date,Duration,Genres,Award Wins,Award Nominations,Metascore,Critic Category,Critic positive counts,Critic positive percentage,Critic mixed counts,Critic mixed percentage,Critic negative counts,Critic negative percentage,User Score Category,User Score,User positive counts,User positive percentage,User mixed counts,User mixed percentage,User negative counts,User negative percentage
Heal the Living,Cohen Media Group,"Apr 14, 2017",1 h 43 m,['Drama'],0,5,82,Universal Acclaim,10,83,2,17,0,0,Generally Favorable,7.0,6,67,2,22,1,11
Love Is Strange,Sony Pictures Classics,"Aug 22, 2014",1 h 34 m,"['Drama', 'Romance']",0,8,82,Universal Acclaim,38,90,4,10,0,0,Generally Favorable,7.0,41,75,7,13,7,13
Navalny,CNN,"Apr 11, 2022",1 h 38 m,"['Documentary', 'Biography']",5,10,82,Universal Acclaim,22,100,0,0,0,0,Generally Favorable,7.4,48,77,5,8,9,15
The Girl Without Hands,GKIDS,"Jul 21, 2017",1 h 16 m,"['Animation', 'Drama', 'Fantasy']",3,4,82,Universal Acclaim,8,100,0,0,0,0,Generally Favorable,7.0,8,80,0,0,2,20
The Assassin,Well Go USA Entertainment,"Oct 16, 2015",1 h 45 m,"['Action', 'Drama', 'History']",16,27,82,Universal Acclaim,24,83,4,14,1,3,Generally Favorable,6.3,52,55,25,27,17,18
Concert for George,ArenaPlex LLC,"Oct 3, 2003",2 h 26 m,"['Documentary', 'Music']",2,2,82,Universal Acclaim,9,90,1,10,0,0,Generally Favorable,7.0,5,71,1,14,1,14
The Twilight Samurai,,"Apr 23, 2004",2 h 9 m,"['Drama', 'Romance']",20,23,82,Universal Acclaim,23,92,2,8,0,0,Universal Acclaim,8.5,20,87,3,13,0,0
One Day in September,Sony Pictures Classics,"Nov 17, 2000",1 h 34 m,"['Documentary', 'History', 'Sport']",4,6,82,Universal Acclaim,19,95,1,5,0,0,Generally Favorable,8.0,11,92,1,8,0,0
Late Marriage,Magnolia Pictures,"May 17, 2002",1 h 42 m,"['Comedy', 'Drama', 'Romance']",15,20,82,Universal Acclaim,25,96,1,4,0,0,Mixed or Average,5.7,3,50,2,33,1,17
Madeline's Madeline,Oscilloscope Laboratories,"Aug 10, 2018",1 h 33 m,['Drama'],1,15,82,Universal Acclaim,26,84,5,16,0,0,Generally Favorable,6.6,12,55,9,41,1,5
Requiem,IFC First Take,"Oct 20, 2006",1 h 29 m,"['Drama', 'Horror']",8,17,82,Universal Acclaim,12,92,1,8,0,0,Generally Favorable,7.2,7,78,1,11,1,11
Captain Phillips,Columbia Pictures,"Oct 11, 2013",2 h 14 m,"['Action', 'Biography', 'Crime', 'Drama', 'Thriller']",1,19,82,Universal Acclaim,43,90,5,10,0,0,Universal Acclaim,8.1,727,89,65,8,24,3
Soft & Quiet,Momentum Pictures,"Nov 4, 2022",1 h 31 m,"['Horror', 'Thriller']",1,5,82,Universal Acclaim,12,86,2,14,0,0,Generally Favorable,6.3,25,63,7,18,8,20
The Climb,Sony Pictures Classics,"Nov 13, 2020",1 h 38 m,"['Comedy', 'Drama']",3,6,82,Universal Acclaim,25,96,1,4,0,0,Generally Favorable,6.3,15,60,7,28,3,12
A Hero,A Contracorriente Films,"Jan 7, 2022",2 h 7 m,['Drama'],6,14,82,Universal Acclaim,36,92,3,8,0,0,Generally Favorable,7.9,71,80,13,15,5,6
The Northman,Focus Features,"Apr 22, 2022",2 h 16 m,"['Action', 'Adventure', 'Drama', 'Fantasy', 'History', 'Thriller']",4,26,82,Universal Acclaim,50,83,10,17,0,0,Generally Favorable,7.3,487,74,100,15,74,11
Neruda,"Orchard, The","Dec 16, 2016",1 h 47 m,"['Biography', 'Crime', 'Drama', 'History', 'Thriller']",9,15,82,Universal Acclaim,27,96,1,4,0,0,Generally Favorable,7.2,20,69,8,28,1,3
All Shall Be Well,Strand Releasing,"Sep 20, 2024",1 h 33 m,['Drama'],2,11,82,Universal Acclaim,8,100,0,0,0,0,Generally Favorable,6.5,3,75,0,0,1,25
Blancanieves,Cohen Media Group,"Mar 29, 2013",1 h 44 m,"['Drama', 'Fantasy']",22,42,82,Universal Acclaim,20,95,1,5,0,0,Generally Favorable,6.6,33,67,5,10,11,22
Ernest Cole: Lost and Found,Magnolia Pictures,"Nov 22, 2024",1 h 45 m,"['Documentary', 'Biography', 'History']",1,5,82,Universal Acclaim,10,91,1,9,0,0,Generally Unfavorable,3.9,1,14,3,43,3,43
Deaf President Now!,Apple Films,"May 16, 2025",1 h 40 m,['Documentary'],1,4,82,Universal Acclaim,10,100,0,0,0,0,Mixed or Average,5.2,5,56,1,11,3,33
Once Upon a Time in Anatolia,Cinema Guild,"Jan 4, 2012",2 h 30 m,"['Crime', 'Drama', 'Thriller']",11,22,82,Universal Acclaim,17,81,3,14,1,5,Generally Favorable,8.0,86,85,6,6,9,9
John McEnroe: In the Realm of Perfection,Oscilloscope Laboratories,"Aug 22, 2018",1 h 35 m,"['Documentary', 'Sport']",2,6,82,Universal Acclaim,16,94,1,6,0,0,Generally Favorable,6.1,3,43,3,43,1,14
Stranger by the Lake,Strand Releasing,"Jan 24, 2014",1 h 37 m,"['Drama', 'Romance', 'Thriller']",9,27,82,Universal Acclaim,25,96,1,4,0,0,Generally Favorable,6.6,47,60,17,22,14,18
Ten Canoes,Palm Pictures,"Jun 1, 2007",1 h 30 m,"['Adventure', 'Comedy', 'Drama']",12,18,82,Universal Acclaim,20,100,0,0,0,0,Mixed or Average,6.0,3,60,1,20,1,20
Oliver Sacks: His Own Life,Zeitgeist Films,"Sep 23, 2020",1 h 51 m,"['Documentary', 'Biography']",2,3,82,Universal Acclaim,9,100,0,0,0,0,Generally Favorable,7.7,4,67,2,33,0,0
Gilles' Wife,Cinema Guild,"Nov 16, 2005",1 h 43 m,['Drama'],5,8,82,Universal Acclaim,14,100,0,0,0,0,Generally Favorable,7.0,4,80,0,0,1,20
The Maid,Elephant Eye Films,"Oct 16, 2009",1 h 35 m,"['Comedy', 'Drama']",10,14,82,Universal Acclaim,24,100,0,0,0,0,Generally Favorable,8.0,8,73,3,27,0,0
The Filth and the Fury,Fine Line Features,"Apr 7, 2000",1 h 48 m,"['Documentary', 'Biography', 'Music']",3,3,82,Universal Acclaim,28,100,0,0,0,0,Universal Acclaim,8.8,5,100,0,0,0,0
Sicario,Lionsgate,"Sep 18, 2015",2 h 1 m,"['Action', 'Crime', 'Drama', 'Mystery', 'Thriller']",2,21,82,Universal Acclaim,44,92,4,8,0,0,Generally Favorable,8.0,1.0k,87,99,9,46,4
Bacurau,Kino Lorber,"Mar 6, 2020",2 h 11 m,"['Action', 'Adventure', 'Drama', 'Horror', 'Mystery', 'Thriller', 'Western']",22,40,82,Universal Acclaim,24,89,3,11,0,0,Generally Favorable,7.7,116,79,13,9,18,12
George Washington,Cowboy Booking International,"Oct 27, 2000",1 h 29 m,['Drama'],3,11,82,Universal Acclaim,18,95,1,5,0,0,Generally Favorable,7.5,19,79,2,8,3,13
Our Time Will Come,China Lion Film Distribution,"Jul 7, 2017",2 h 10 m,"['Drama', 'War']",6,23,82,Universal Acclaim,9,100,0,0,0,0,Generally Favorable,7.0,5,63,2,25,1,13
A Thousand Cuts,PBS Distribution,"Aug 7, 2020",1 h 50 m,['Documentary'],2,9,81,Universal Acclaim,8,100,0,0,0,0,Mixed or Average,4.7,5,50,0,0,5,50
No Home Movie,Icarus Films,"Apr 1, 2016",1 h 55 m,['Documentary'],2,5,81,Universal Acclaim,7,70,3,30,0,0,Generally Favorable,7.0,4,57,3,43,0,0
Another Year,Sony Pictures Classics,"Dec 29, 2010",2 h 9 m,"['Comedy', 'Drama']",4,13,81,Universal Acclaim,31,86,4,11,1,3,Generally Favorable,7.5,61,80,9,12,6,8
Make Up,,"Nov 13, 2020",1 h 26 m,"['Drama', 'Mystery', 'Thriller']",0,3,81,Universal Acclaim,9,100,0,0,0,0,Generally Unfavorable,3.3,0,0,5,63,3,38
At Berkeley,Zipporah Films,"Nov 8, 2013",4 h 4 m,['Documentary'],3,4,81,Universal Acclaim,16,80,4,20,0,0,Generally Favorable,7.8,3,75,0,0,1,25
Blade Runner 2049,Warner Bros. Pictures,"Oct 6, 2017",2 h 44 m,"['Action', 'Drama', 'Mystery', 'Sci-Fi', 'Thriller']",6,27,81,Universal Acclaim,47,87,7,13,0,0,Universal Acclaim,8.3,2.3k,86,188,7,202,7
Step,Fox Searchlight Pictures,"Aug 4, 2017",1 h 24 m,['Documentary'],3,7,81,Universal Acclaim,25,93,2,7,0,0,Generally Favorable,7.2,4,67,1,17,1,17
Experimenter,Magnolia Pictures,"Oct 16, 2015",1 h 38 m,"['Biography', 'Drama', 'History']",3,3,81,Universal Acclaim,19,95,1,5,0,0,Generally Favorable,7.3,46,77,11,18,3,5
Eden,,"Jun 19, 2015",2 h 11 m,"['Biography', 'Drama', 'Music']",0,3,81,Universal Acclaim,18,90,2,10,0,0,Generally Favorable,6.6,10,50,6,30,4,20
A Mighty Wind,Warner Bros. Pictures,"Apr 16, 2003",1 h 31 m,"['Comedy', 'Music']",2,10,81,Universal Acclaim,36,90,4,10,0,0,Generally Favorable,7.0,22,65,10,29,2,6
The Damned United,Sony Pictures Classics,"Oct 9, 2009",1 h 38 m,"['Biography', 'Drama', 'Sport']",0,4,81,Universal Acclaim,25,93,2,7,0,0,Generally Favorable,8.0,45,85,8,15,0,0
The Woman Who Ran,Cinema Guild,"Jul 9, 2021",1 h 17 m,['Drama'],5,6,81,Universal Acclaim,13,100,0,0,0,0,Generally Favorable,7.1,5,71,2,29,0,0
Mass,Bleecker Street,"Oct 8, 2021",1 h 50 m,['Drama'],10,23,81,Universal Acclaim,31,94,2,6,0,0,Generally Favorable,7.8,49,84,9,16,0,0
Western,Cinema Guild,"Feb 16, 2018",2 h 1 m,['Drama'],3,11,81,Universal Acclaim,13,100,0,0,0,0,Generally Favorable,7.4,17,85,2,10,1,5
Wadjda,Sony Pictures Classics,"Sep 13, 2013",1 h 38 m,"['Comedy', 'Drama']",6,12,81,Universal Acclaim,25,96,1,4,0,0,Generally Favorable,7.2,45,79,5,9,7,12
13th,Netflix,"Oct 7, 2016",1 h 40 m,"['Documentary', 'Crime', 'History']",7,15,81,Universal Acclaim,27,93,2,7,0,0,Generally Favorable,7.6,113,77,14,10,19,13
The Levelling,Monterey Media,"Mar 24, 2017",1 h 23 m,['Drama'],3,6,81,Universal Acclaim,7,88,1,13,0,0,Generally Favorable,6.4,7,58,2,17,3,25
This Much I Know to Be True,Trafalgar Releasing,"May 11, 2022",1 h 41 m,"['Documentary', 'Music']",0,0,81,Universal Acclaim,13,93,1,7,0,0,Universal Acclaim,8.7,8,89,1,11,0,0
Arrival,Paramount Pictures,"Nov 11, 2016",1 h 56 m,"['Drama', 'Mystery', 'Sci-Fi']",1,24,81,Universal Acclaim,47,90,4,8,1,2,Universal Acclaim,8.2,1.8k,86,174,8,130,6
Juno,Fox Searchlight Pictures,"Dec 5, 2007",1 h 36 m,"['Comedy', 'Drama']",7,16,81,Universal Acclaim,36,95,2,5,0,0,Generally Favorable,7.7,350,84,40,10,29,7
Elena,Syndicado,"May 30, 2014",1 h 20 m,"['Documentary', 'Biography', 'Drama']",7,11,81,Universal Acclaim,9,100,0,0,0,0,Generally Favorable,7.2,10,59,5,29,2,12
Everything Everywhere All at Once,A24,"Mar 25, 2022",2 h 19 m,"['Action', 'Adventure', 'Comedy', 'Drama', 'Fantasy', 'Sci-Fi']",21,39,81,Universal Acclaim,49,89,6,11,0,0,Generally Favorable,7.8,804,79,86,8,127,12
Blue Valentine,"Weinstein Company, The","Dec 29, 2010",2 h,"['Drama', 'Romance']",1,10,81,Universal Acclaim,35,83,7,17,0,0,Generally Favorable,7.7,319,82,49,13,23,6
After Love,Vertigo Releasing,"Jan 20, 2023",1 h 29 m,['Drama'],7,17,81,Universal Acclaim,12,86,2,14,0,0,Mixed or Average,4.5,3,50,0,0,3,50
Close,A24,"Jan 27, 2023",1 h 45 m,['Drama'],4,17,81,Universal Acclaim,31,91,3,9,0,0,Generally Favorable,7.8,48,84,5,9,4,7
Truman,FilmRise,"Apr 7, 2017",1 h 48 m,"['Comedy', 'Drama']",13,23,81,Universal Acclaim,16,100,0,0,0,0,Generally Favorable,7.8,9,82,2,18,0,0
The Dissident,Briarcliff Entertainment,"Dec 25, 2020",1 h 59 m,"['Documentary', 'Crime', 'Thriller']",10,14,81,Universal Acclaim,17,94,1,6,0,0,Generally Favorable,7.9,23,88,0,0,3,12
"Arabian Nights: Volume 1, The Restless One",Kino Lorber,"Dec 4, 2015",2 h 5 m,['Drama'],10,22,81,Universal Acclaim,9,90,1,10,0,0,Generally Favorable,7.3,7,78,1,11,1,11
Master and Commander: The Far Side of the World,Twentieth Century Fox Film Corporation,"Nov 14, 2003",2 h 18 m,"['Action', 'Adventure', 'Drama', 'War']",2,23,81,Universal Acclaim,34,81,7,17,1,2,Generally Favorable,7.8,186,85,25,11,9,4
Godzilla Minus One,Toho Company,"Dec 1, 2023",2 h 4 m,"['Action', 'Adventure', 'Drama', 'Horror', 'Sci-Fi']",12,17,81,Universal Acclaim,33,97,1,3,0,0,Universal Acclaim,8.6,514,90,40,7,16,3
The Secret of Kells,GKIDS,"Mar 5, 2010",1 h 15 m,"['Animation', 'Adventure', 'Family', 'Fantasy']",2,5,81,Universal Acclaim,19,95,1,5,0,0,Generally Favorable,7.8,86,84,11,11,5,5
Top Five,Paramount Pictures,"Dec 12, 2014",1 h 42 m,"['Comedy', 'Romance']",1,13,81,Universal Acclaim,35,95,2,5,0,0,Generally Favorable,6.7,109,68,26,16,25,16
Closet Monster,Strand Releasing,"Sep 23, 2016",1 h 30 m,"['Drama', 'Fantasy', 'Mystery']",6,6,81,Universal Acclaim,11,100,0,0,0,0,Generally Favorable,7.6,36,80,4,9,5,11
Godland,Janus Films,"Feb 3, 2023",2 h 23 m,['Drama'],6,26,81,Universal Acclaim,20,95,1,5,0,0,Generally Favorable,6.9,20,63,9,28,3,9
Katyn,Koch Lorber Films,"Feb 18, 2009",2 h 1 m,"['Drama', 'History', 'War']",8,16,81,Universal Acclaim,16,94,1,6,0,0,Generally Favorable,6.7,18,69,5,19,3,12
Coming Home,Sony Pictures Classics,"Sep 9, 2015",1 h 49 m,"['Drama', 'Romance']",5,23,81,Universal Acclaim,19,90,2,10,0,0,Generally Favorable,7.4,18,78,4,17,1,4
Coco,Walt Disney Studios Motion Pictures,"Nov 22, 2017",1 h 45 m,"['Animation', 'Adventure', 'Drama', 'Family', 'Fantasy', 'Music', 'Mystery']",14,17,81,Universal Acclaim,45,94,3,6,0,0,Universal Acclaim,8.4,996,90,57,5,56,5
My Joy,Kino International,"Sep 30, 2011",2 h 7 m,['Drama'],2,7,81,Universal Acclaim,7,88,1,13,0,0,Universal Acclaim,8.8,4,80,1,20,0,0
Little Richard: I Am Everything,Magnolia Pictures,"Apr 21, 2023",1 h 38 m,"['Documentary', 'Biography', 'History', 'Music']",2,5,81,Universal Acclaim,18,95,1,5,0,0,Generally Favorable,6.7,5,71,1,14,1,14
Bridge of Spies,Walt Disney Studios Motion Pictures,"Oct 16, 2015",2 h 21 m,"['Drama', 'History', 'Thriller', 'War']",2,16,81,Universal Acclaim,47,98,1,2,0,0,Generally Favorable,7.6,551,83,89,13,23,3
Shaun the Sheep Movie,Relativity Media,"Aug 5, 2015",1 h 25 m,"['Animation', 'Adventure', 'Comedy', 'Family', 'Fantasy']",0,7,81,Universal Acclaim,30,100,0,0,0,0,Generally Favorable,8.0,176,85,23,11,9,4
Invisible Life,ARP Sélection,"Dec 20, 2019",2 h 19 m,['Drama'],15,45,81,Universal Acclaim,17,94,1,6,0,0,Universal Acclaim,8.3,37,88,3,7,2,5
I Do Not Care If We Go Down in History as Barbarians,Beta Cinema,"Jul 19, 2019",2 h 20 m,"['Comedy', 'Drama']",6,11,81,Universal Acclaim,10,100,0,0,0,0,Generally Favorable,6.6,4,57,3,43,0,0
White Material,IFC Films,"Nov 19, 2010",1 h 46 m,"['Drama', 'War']",1,5,81,Universal Acclaim,23,88,3,12,0,0,Generally Favorable,6.6,22,63,8,23,5,14
The Station Agent,Miramax Films,"Oct 3, 2003",1 h 29 m,"['Comedy', 'Drama']",9,14,81,Universal Acclaim,35,97,1,3,0,0,Generally Favorable,7.9,67,89,6,8,2,3
Foxcatcher,Sony Pictures Classics,"Nov 14, 2014",2 h 9 m,"['Biography', 'Drama', 'History', 'Sport']",0,13,81,Universal Acclaim,42,86,7,14,0,0,Generally Favorable,7.1,287,69,93,22,34,8
Twinsters,Ignite Channel,"Jul 17, 2015",1 h 29 m,"['Documentary', 'Biography']",2,4,81,Universal Acclaim,7,100,0,0,0,0,Generally Favorable,7.0,8,80,0,0,2,20
"Arabian Nights: Volume 2, The Desolate One",Kino Lorber,"Dec 11, 2015",2 h 11 m,"['Drama', 'Romance']",12,23,81,Universal Acclaim,9,100,0,0,0,0,Universal Acclaim,9.6,5,100,0,0,0,0
Bamako,New Yorker Films,"Feb 14, 2007",1 h 55 m,['Drama'],3,3,81,Universal Acclaim,17,94,1,6,0,0,Generally Favorable,6.4,3,60,1,20,1,20
Beginners,Focus Features,"Jun 3, 2011",1 h 45 m,"['Comedy', 'Drama', 'Romance']",3,6,81,Universal Acclaim,34,94,2,6,0,0,Generally Favorable,7.3,150,75,39,19,12,6
Dolores,PBS Distribution,"Sep 1, 2017",1 h 35 m,"['Documentary', 'Biography', 'History']",3,4,81,Universal Acclaim,11,100,0,0,0,0,Generally Favorable,7.7,5,83,0,0,1,17
Bright Star,Apparition,"Sep 16, 2009",1 h 59 m,"['Biography', 'Drama', 'Romance']",5,19,81,Universal Acclaim,30,88,4,12,0,0,Generally Favorable,7.6,38,88,2,5,3,7
MLK/FBI,,"Jan 15, 2021",1 h 44 m,"['Documentary', 'Biography', 'History']",2,8,81,Universal Acclaim,28,97,1,3,0,0,Generally Favorable,6.1,17,63,2,7,8,30
The Headless Woman,Strand Releasing,"Aug 19, 2009",1 h 27 m,"['Drama', 'Mystery', 'Thriller']",5,19,81,Universal Acclaim,10,83,1,8,1,8,Generally Favorable,7.2,6,60,3,30,1,10
Jackie,Fox Searchlight Pictures,"Dec 2, 2016",1 h 40 m,"['Biography', 'Drama']",2,14,81,Universal Acclaim,45,85,7,13,1,2,Generally Favorable,7.3,186,74,43,17,21,8
Weekend,Sundance Selects,"Sep 23, 2011",1 h 36 m,"['Drama', 'Romance']",2,13,81,Universal Acclaim,16,89,2,11,0,0,Universal Acclaim,8.5,92,87,10,9,4,4
Turn Every Page: The Adventures of Robert Caro and Robert Gottlieb,Sony Pictures Classics,"Dec 30, 2022",1 h 52 m,['Documentary'],2,3,81,Universal Acclaim,14,100,0,0,0,0,Generally Favorable,6.3,2,50,2,50,0,0
Beginning,MUBI,"Jan 29, 2021",2 h 10 m,['Drama'],5,8,81,Universal Acclaim,9,90,1,10,0,0,Generally Favorable,7.2,4,67,2,33,0,0
Raw,Focus World,"Mar 10, 2017",1 h 39 m,"['Drama', 'Horror']",4,17,81,Universal Acclaim,31,91,2,6,1,3,Generally Favorable,7.2,185,74,41,16,25,10
Test Pattern,Kino Lorber,"Feb 19, 2021",1 h 22 m,"['Drama', 'Thriller']",1,7,81,Universal Acclaim,16,100,0,0,0,0,Mixed or Average,5.4,9,56,2,13,5,31
A Pigeon Sat on a Branch Reflecting on Existence,Magnolia Pictures,"Jun 3, 2015",1 h 41 m,"['Comedy', 'Drama', 'Fantasy']",3,16,81,Universal Acclaim,20,83,4,17,0,0,Generally Favorable,6.8,31,61,12,24,8,16
R.M.N.,IFC Films,"Apr 28, 2023",2 h 8 m,['Drama'],3,9,81,Universal Acclaim,23,96,1,4,0,0,Generally Favorable,7.5,10,91,0,0,1,9
Inherent Vice,Warner Bros.,"Dec 12, 2014",2 h 28 m,"['Comedy', 'Crime', 'Drama', 'Mystery', 'Romance']",0,12,81,Universal Acclaim,39,91,3,7,1,2,Generally Favorable,7.3,302,70,77,18,51,12
Under the Sun,Icarus Films,"Jul 6, 2016",1 h 46 m,['Documentary'],4,8,81,Universal Acclaim,13,93,1,7,0,0,Generally Favorable,6.6,14,64,3,14,5,23
Three Identical Strangers,CNN Films,"Jun 29, 2018",1 h 36 m,"['Documentary', 'Biography', 'Drama', 'History', 'Mystery']",2,11,81,Universal Acclaim,28,93,2,7,0,0,Generally Favorable,7.6,71,89,8,10,1,1
Wrinkles,GKIDS,"Jul 4, 2014",1 h 29 m,"['Animation', 'Drama']",4,6,81,Universal Acclaim,10,83,2,17,0,0,Generally Favorable,7.2,11,61,6,33,1,6
Midnight Family,1091 Media,"Dec 6, 2019",1 h 21 m,['Documentary'],7,10,81,Universal Acclaim,14,100,0,0,0,0,Generally Favorable,6.6,8,73,2,18,1,9
Revenge,Neon,"May 11, 2018",1 h 48 m,"['Action', 'Drama', 'Horror', 'Thriller']",2,10,81,Universal Acclaim,21,91,2,9,0,0,Generally Favorable,6.6,118,66,36,20,25,14
Tina,HBO,"Mar 27, 2021",1 h 58 m,"['Documentary', 'Biography', 'Music']",1,5,81,Universal Acclaim,25,96,1,4,0,0,Universal Acclaim,8.3,20,91,2,9,0,0
American Fiction,Orion Pictures,"Dec 15, 2023",1 h 57 m,"['Comedy', 'Drama']",7,16,81,Universal Acclaim,53,98,1,2,0,0,Generally Favorable,7.3,159,75,42,20,10,5
Il Divo,MPI,"Apr 24, 2009",1 h 50 m,"['Biography', 'Drama']",11,28,81,Universal Acclaim,17,100,0,0,0,0,Generally Favorable,7.6,22,76,6,21,1,3
Leviathan,Cinema Guild,"Mar 1, 2013",1 h 27 m,['Documentary'],4,11,81,Universal Acclaim,13,76,4,24,0,0,Mixed or Average,6.0,17,61,1,4,10,36
Fish Tank,IFC Films,"Jan 15, 2010",2 h 3 m,['Drama'],9,17,81,Universal Acclaim,28,90,3,10,0,0,Generally Favorable,7.3,55,70,21,27,3,4
No,Sony Pictures Classics,"Feb 15, 2013",1 h 58 m,"['Drama', 'History']",3,11,81,Universal Acclaim,33,92,2,6,1,3,Generally Favorable,7.5,58,77,11,15,6,8
Riders of Justice,Magnet Releasing,"May 14, 2021",1 h 56 m,"['Action', 'Comedy', 'Drama', 'Thriller']",5,26,81,Universal Acclaim,24,96,1,4,0,0,Generally Favorable,7.8,91,81,18,16,3,3
In Fabric,A24,"Dec 6, 2019",1 h 58 m,"['Comedy', 'Drama', 'Fantasy', 'Horror', 'Mystery', 'Thriller']",3,15,81,Universal Acclaim,28,97,1,3,0,0,Mixed or Average,5.5,22,45,13,27,14,29
Hot Fuzz,Rogue Pictures,"Apr 20, 2007",2 h 1 m,"['Action', 'Comedy', 'Mystery', 'Thriller']",2,8,81,Universal Acclaim,36,97,1,3,0,0,Universal Acclaim,8.5,614,93,39,6,10,2
Sister,Adopt Films,"Oct 5, 2012",1 h 37 m,"['Crime', 'Drama']",6,7,81,Universal Acclaim,19,100,0,0,0,0,Generally Favorable,6.7,9,64,4,29,1,7
Django Unchained,"Weinstein Company, The","Dec 25, 2012",2 h 45 m,"['Drama', 'Western']",8,23,81,Universal Acclaim,37,88,5,12,0,0,Universal Acclaim,8.6,2.5k,92,136,5,94,3
"Police, Adjective",IFC Films,"Dec 23, 2009",1 h 53 m,"['Crime', 'Drama']",10,16,81,Universal Acclaim,21,91,2,9,0,0,Generally Favorable,7.3,8,67,2,17,2,17
Play,,"Jan 14, 2015",1 h 58 m,['Drama'],4,11,81,Universal Acclaim,6,75,2,25,0,0,Mixed or Average,4.3,1,25,1,25,2,50
A Girl Walks Home Alone at Night,Kino Lorber,"Nov 21, 2014",1 h 39 m,"['Drama', 'Horror', 'Romance', 'Thriller']",4,8,81,Universal Acclaim,26,93,2,7,0,0,Generally Favorable,7.1,91,67,34,25,10,7
Us,Universal Pictures,"Mar 22, 2019",1 h 56 m,"['Horror', 'Mystery', 'Thriller']",9,29,81,Universal Acclaim,52,93,4,7,0,0,Generally Favorable,6.4,665,59,241,21,225,20
Wattstax (re-released),Columbia Pictures,"Jun 6, 2003",1 h 38 m,"['Documentary', 'Comedy', 'Music']",1,2,81,Universal Acclaim,8,100,0,0,0,0,Generally Favorable,6.5,2,50,1,25,1,25
The Big Short,Paramount Pictures,"Dec 11, 2015",2 h 10 m,"['Biography', 'Comedy', 'Drama', 'History']",4,16,81,Universal Acclaim,37,82,6,13,2,4,Generally Favorable,8.0,713,88,69,8,31,4
Black Orpheus,Lopert Pictures Corporation,"Feb 24, 2006",1 h 40 m,"['Drama', 'Musical', 'Romance']",3,3,81,Universal Acclaim,7,88,1,13,0,0,Generally Favorable,7.6,14,70,4,20,2,10
Closed Curtain,Variance Films,"Jul 9, 2014",1 h 46 m,['Drama'],2,5,81,Universal Acclaim,16,100,0,0,0,0,Mixed or Average,5.1,3,43,1,14,3,43
Moana,Walt Disney Studios Motion Pictures,"Nov 23, 2016",1 h 47 m,"['Animation', 'Adventure', 'Comedy', 'Family', 'Fantasy', 'Musical']",3,10,81,Universal Acclaim,42,95,2,5,0,0,Generally Favorable,7.8,784,82,120,13,49,5
Aisha,Samuel Goldwyn Films,"May 10, 2024",1 h 34 m,['Drama'],5,12,81,Universal Acclaim,11,100,0,0,0,0,Generally Favorable,7.3,11,79,0,0,3,21
The Wailing,Well Go USA Entertainment,"Jun 3, 2016",2 h 36 m,"['Drama', 'Horror']",10,37,81,Universal Acclaim,19,100,0,0,0,0,Generally Favorable,7.8,175,85,16,8,15,7
Chris & Don. A Love Story,Zeitgeist Films,"Jun 13, 2008",1 h 30 m,"['Documentary', 'Biography', 'Romance']",1,3,81,Universal Acclaim,19,100,0,0,0,0,Generally Favorable,6.2,3,60,0,0,2,40
White Sun,Kimstim Films,"Sep 6, 2017",1 h 29 m,"['Adventure', 'Drama']",6,8,81,Universal Acclaim,7,100,0,0,0,0,Generally Favorable,7.8,3,60,2,40,0,0
The Empty Hours,Strand Releasing,"Jul 11, 2014",1 h 41 m,"['Drama', 'Romance']",3,4,81,Universal Acclaim,7,100,0,0,0,0,Generally Favorable,8.0,6,86,1,14,0,0
Shadow,Well Go USA Entertainment,"May 3, 2019",1 h 56 m,"['Action', 'Adventure', 'Fantasy', 'History', 'War']",11,30,81,Universal Acclaim,24,96,1,4,0,0,Generally Favorable,7.3,47,77,9,15,5,8
Still Life,New Yorker Films,"Jan 18, 2008",1 h 51 m,['Drama'],5,7,81,Universal Acclaim,9,90,1,10,0,0,Universal Acclaim,8.6,13,93,1,7,0,0
Tropical Malady,Strand Releasing,"Jun 29, 2005",1 h 58 m,"['Drama', 'Fantasy', 'Romance']",2,6,81,Universal Acclaim,14,88,2,13,0,0,Generally Favorable,6.9,12,63,4,21,3,16
The Edge of Democracy,Netflix,"Jun 19, 2019",2 h 1 m,"['Documentary', 'History']",2,6,81,Universal Acclaim,12,92,1,8,0,0,Mixed or Average,5.4,95,53,8,4,77,43
Gimme the Loot,Sundance Selects,"Mar 22, 2013",1 h 21 m,"['Comedy', 'Crime', 'Drama']",2,6,81,Universal Acclaim,26,96,1,4,0,0,Generally Favorable,6.5,11,61,4,22,3,17
Premature,IFC Films,"Feb 21, 2020",1 h 30 m,"['Drama', 'Music', 'Romance']",4,6,81,Universal Acclaim,13,100,0,0,0,0,Mixed or Average,5.0,3,43,1,14,3,43
Tchoupitoulas,Oscilloscope Pictures,"Dec 7, 2012",1 h 20 m,['Documentary'],2,5,81,Universal Acclaim,8,89,1,11,0,0,Mixed or Average,5.6,3,33,3,33,3,33
Skyfall,Columbia Pictures,"Nov 9, 2012",2 h 23 m,"['Action', 'Adventure', 'Thriller']",7,14,81,Universal Acclaim,42,86,7,14,0,0,Generally Favorable,7.6,1.5k,79,251,13,150,8
Of Time and the City,Strand Releasing,"Jan 21, 2009",1 h 14 m,"['Documentary', 'Biography']",2,4,81,Universal Acclaim,8,89,1,11,0,0,Generally Favorable,6.5,6,55,3,27,2,18
Amanda,Oscilloscope,"Jul 7, 2023",1 h 33 m,"['Comedy', 'Drama']",1,6,81,Universal Acclaim,10,100,0,0,0,0,Generally Favorable,6.5,8,73,1,9,2,18
Memoir of a Snail,IFC Films,"Oct 25, 2024",1 h 34 m,"['Animation', 'Drama']",2,13,81,Universal Acclaim,23,92,2,8,0,0,Generally Favorable,8.0,51,84,8,13,2,3
The Janes,HBO,"Jun 8, 2022",1 h 41 m,['Documentary'],5,10,81,Universal Acclaim,18,100,0,0,0,0,Mixed or Average,4.8,14,52,1,4,12,44
A Fantastic Woman,,"Nov 17, 2017",1 h 44 m,['Drama'],8,13,81,Universal Acclaim,40,93,3,7,0,0,Generally Favorable,7.0,91,76,10,8,18,15
Your Name.,FUNimation Entertainment,"Apr 7, 2017",1 h 46 m,"['Animation', 'Drama', 'Fantasy', 'Romance']",8,15,81,Universal Acclaim,23,88,2,8,1,4,Universal Acclaim,8.9,918,92,42,4,37,4
Melancholia,Magnolia Films,"Nov 11, 2011",2 h 17 m,"['Drama', 'Sci-Fi']",15,28,81,Universal Acclaim,31,76,8,20,2,5,Generally Favorable,7.4,386,75,76,15,50,10
"You, the Living",Palisades Tartan,"Jul 29, 2009",1 h 35 m,"['Comedy', 'Drama', 'Music']",7,9,81,Universal Acclaim,14,93,1,7,0,0,Generally Favorable,7.4,11,79,3,21,0,0
The Go-Go's,Showtime Networks,"Jul 31, 2020",1 h 38 m,"['Documentary', 'Music']",2,4,81,Universal Acclaim,14,93,1,7,0,0,Generally Favorable,7.8,11,85,1,8,1,8
Upstream Color,erbp,"Apr 5, 2013",1 h 36 m,"['Drama', 'Mystery', 'Sci-Fi']",0,14,81,Universal Acclaim,24,89,3,11,0,0,Generally Favorable,6.8,109,68,19,12,32,20
Hunt for the Wilderpeople,"Orchard, The","Jun 24, 2016",1 h 41 m,"['Adventure', 'Comedy', 'Drama']",9,18,81,Universal Acclaim,28,93,2,7,0,0,Generally Favorable,8.0,215,88,19,8,10,4
Ballets Russes,Zeitgeist Films,"Oct 26, 2005",1 h 58 m,"['Documentary', 'History', 'Music']",2,3,81,Universal Acclaim,21,91,2,9,0,0,Generally Favorable,6.6,3,43,3,43,1,14
Harry Potter and the Goblet of Fire,Warner Bros. Pictures,"Nov 18, 2005",2 h 37 m,"['Adventure', 'Family', 'Fantasy', 'Mystery']",1,14,81,Universal Acclaim,35,92,3,8,0,0,Generally Favorable,7.9,855,85,119,12,29,3
Paprika,Sony Pictures Classics,"May 25, 2007",1 h 30 m,"['Animation', 'Drama', 'Fantasy', 'Mystery', 'Sci-Fi', 'Thriller']",4,4,81,Universal Acclaim,26,100,0,0,0,0,Generally Favorable,8.0,162,86,19,10,7,4
Hell and Back Again,Docurama,"Oct 1, 2011",1 h 28 m,"['Documentary', 'Action', 'History', 'War']",3,7,81,Universal Acclaim,17,100,0,0,0,0,Generally Favorable,6.7,5,42,7,58,0,0
The Hate U Give,Twentieth Century Fox,"Oct 5, 2018",2 h 13 m,"['Crime', 'Drama']",7,14,81,Universal Acclaim,42,95,2,5,0,0,Generally Favorable,6.8,111,74,12,8,27,18
Hairspray,New Line Cinema,"Jul 20, 2007",1 h 57 m,"['Comedy', 'Drama', 'Musical', 'Romance']",0,17,81,Universal Acclaim,36,97,1,3,0,0,Generally Favorable,7.3,93,74,19,15,13,10
Faya Dayi,Janus Films,"Sep 3, 2021",2 h,"['Documentary', 'Drama']",4,11,81,Universal Acclaim,12,92,1,8,0,0,Generally Favorable,6.3,4,67,1,17,1,17
Bruiser,Disney+,"Feb 24, 2023",1 h 37 m,['Drama'],1,3,81,Universal Acclaim,10,100,0,0,0,0,Mixed or Average,6.0,7,58,3,25,2,17
Chicago,Miramax Films,"Dec 27, 2002",1 h 53 m,"['Comedy', 'Crime', 'Musical']",15,44,81,Universal Acclaim,32,82,5,13,2,5,Generally Favorable,7.7,174,78,42,19,8,4
King Kong,Universal Pictures,"Dec 14, 2005",3 h 7 m,"['Action', 'Adventure', 'Romance']",7,18,81,Universal Acclaim,32,82,6,15,1,3,Generally Favorable,7.7,497,82,83,14,25,4
Battle Royale,Anchor Bay Films,"May 25, 2012",1 h 54 m,"['Action', 'Drama', 'Thriller']",7,13,81,Universal Acclaim,6,86,0,0,1,14,Generally Favorable,7.8,180,83,24,11,13,6
Goodnight Mommy,RADiUS-TWC,"Sep 11, 2015",1 h 39 m,"['Horror', 'Mystery', 'Thriller']",9,11,81,Universal Acclaim,18,95,1,5,0,0,Generally Favorable,7.0,117,71,28,17,20,12
I Lost My Body,Netflix,"Nov 15, 2019",1 h 21 m,"['Animation', 'Drama', 'Fantasy', 'Romance']",6,10,81,Universal Acclaim,18,90,2,10,0,0,Generally Favorable,7.9,87,85,15,15,0,0
Glass Onion: A Knives Out Mystery,Netflix,"Nov 23, 2022",2 h 19 m,"['Comedy', 'Crime', 'Drama', 'Mystery', 'Thriller']",0,10,81,Universal Acclaim,57,92,5,8,0,0,Generally Favorable,6.1,370,56,148,23,137,21
"A White, White Day",Film Movement,"Apr 17, 2020",1 h 49 m,"['Drama', 'Mystery', 'Thriller']",11,17,81,Universal Acclaim,13,87,2,13,0,0,Generally Favorable,6.7,13,62,6,29,2,10
Two Step,Traverse Media,"Jul 31, 2015",1 h 33 m,"['Crime', 'Drama', 'Thriller']",1,3,81,Universal Acclaim,9,100,0,0,0,0,Generally Favorable,7.4,3,60,2,40,0,0
Summer 1993,Oscilloscope Laboratories,"May 25, 2018",1 h 37 m,"['Drama', 'Family']",12,29,81,Universal Acclaim,19,100,0,0,0,0,Generally Favorable,7.2,17,68,5,20,3,12
Starred Up,Tribeca Film,"Aug 27, 2014",1 h 46 m,"['Crime', 'Drama', 'Thriller']",8,17,81,Universal Acclaim,22,85,4,15,0,0,Generally Favorable,8.0,89,91,7,7,2,2
Midnight in Paris,Sony Pictures Classics,"May 20, 2011",1 h 40 m,"['Comedy', 'Fantasy', 'Romance']",3,14,81,Universal Acclaim,40,100,0,0,0,0,Generally Favorable,7.8,569,84,77,11,28,4
The Guardians,Pathé,"May 4, 2018",2 h 18 m,"['Drama', 'War']",0,7,81,Universal Acclaim,13,87,2,13,0,0,Mixed or Average,5.5,10,59,2,12,5,29
Mission: Impossible – Dead Reckoning,Paramount Pictures,"Jul 12, 2023",2 h 43 m,"['Action', 'Adventure', 'Thriller']",2,8,81,Universal Acclaim,64,97,2,3,0,0,Generally Favorable,7.8,552,81,91,13,36,5
Mirai,GKIDS,"Nov 30, 2018",1 h 38 m,"['Animation', 'Adventure', 'Drama', 'Family', 'Fantasy']",0,6,81,Universal Acclaim,16,89,2,11,0,0,Generally Favorable,7.5,52,81,8,13,4,6
Benediction,Roadside Attractions,"Jun 3, 2022",2 h 17 m,"['Biography', 'Drama', 'History', 'War']",5,14,81,Universal Acclaim,30,94,2,6,0,0,Generally Favorable,7.1,13,57,10,43,0,0
A War,Magnolia Pictures,"Feb 12, 2016",1 h 55 m,"['Crime', 'Drama', 'Thriller', 'War']",2,17,81,Universal Acclaim,26,87,4,13,0,0,Generally Favorable,7.5,34,87,2,5,3,8
She Dies Tomorrow,Neon,"Jul 31, 2020",1 h 24 m,"['Drama', 'Fantasy', 'Horror', 'Mystery', 'Thriller']",0,5,81,Universal Acclaim,35,92,3,8,0,0,Mixed or Average,5.1,25,40,16,26,21,34
Living,Sony Pictures Classics,"Dec 23, 2022",1 h 42 m,['Drama'],1,12,81,Universal Acclaim,37,93,3,8,0,0,Generally Favorable,7.3,33,77,10,23,0,0
Skin Deep,Kino Lorber,"Feb 2, 2024",1 h 43 m,"['Drama', 'Fantasy', 'Romance', 'Sci-Fi']",4,6,81,Universal Acclaim,7,100,0,0,0,0,Mixed or Average,5.2,6,55,2,18,3,27
Mountains,Music Box Films,"Aug 16, 2024",1 h 35 m,['Drama'],3,6,81,Universal Acclaim,13,93,1,7,0,0,Generally Favorable,7.0,4,80,0,0,1,20
"Tuesday, After Christmas",Lorber Films,"May 27, 2011",1 h 39 m,"['Drama', 'Romance']",5,17,81,Universal Acclaim,8,73,3,27,0,0,Generally Favorable,6.1,9,64,1,7,4,29
The World's End,Focus Features,"Aug 23, 2013",1 h 49 m,"['Action', 'Comedy', 'Sci-Fi']",2,11,81,Universal Acclaim,42,93,2,4,1,2,Generally Favorable,7.6,634,80,112,14,50,6
Listening to Kenny G,Home Box Office (HBO),"Dec 2, 2021",1 h 37 m,"['Documentary', 'Music']",2,4,81,Universal Acclaim,10,100,0,0,0,0,Generally Favorable,7.4,5,71,2,29,0,0
The Story of the Weeping Camel,THINKFilm,"Jun 4, 2004",1 h 33 m,"['Documentary', 'Drama', 'Family']",3,4,81,Universal Acclaim,28,93,2,7,0,0,Mixed or Average,5.6,2,40,1,20,2,40
Weapons,Warner Bros.,"Aug 8, 2025",2 h 8 m,"['Horror', 'Mystery']",0,1,81,Universal Acclaim,41,89,5,11,0,0,Generally Favorable,7.4,182,79,27,12,22,10
Lost Illusions,Music Box Films,"Jun 10, 2022",2 h 29 m,"['Drama', 'Romance']",8,22,81,Universal Acclaim,15,88,2,12,0,0,Generally Favorable,6.9,17,71,6,25,1,4
Menashe,A24,"Jul 28, 2017",1 h 22 m,['Drama'],5,6,81,Universal Acclaim,27,100,0,0,0,0,Generally Favorable,6.4,9,53,7,41,1,6
District 9,TriStar Pictures,"Aug 14, 2009",1 h 52 m,"['Action', 'Sci-Fi', 'Thriller']",3,18,81,Universal Acclaim,30,83,6,17,0,0,Universal Acclaim,8.3,762,87,82,9,28,3
Ai Weiwei: Never Sorry,Sundance Selects,"Jul 27, 2012",1 h 31 m,['Documentary'],1,6,81,Universal Acclaim,24,86,4,14,0,0,Generally Favorable,7.8,11,73,4,27,0,0
Nitram,IFC Films,"Mar 30, 2022",1 h 52 m,"['Crime', 'Drama', 'Thriller']",17,30,81,Universal Acclaim,23,88,3,12,0,0,Generally Favorable,7.7,21,81,5,19,0,0
Woman at War,Magnolia Pictures,"Mar 1, 2019",1 h 41 m,"['Adventure', 'Comedy', 'Drama', 'Thriller']",12,19,81,Universal Acclaim,23,92,2,8,0,0,Generally Favorable,6.8,18,72,3,12,4,16
The Night of the 12th,Ascot Elite Entertainment Group,"May 19, 2023",1 h 55 m,"['Crime', 'Drama', 'Mystery', 'Thriller']",10,19,81,Universal Acclaim,14,88,2,13,0,0,Generally Favorable,6.4,11,65,4,24,2,12
The Nest,IFC Films,"Sep 18, 2020",1 h 47 m,"['Drama', 'Romance', 'Thriller']",0,16,81,Universal Acclaim,35,95,2,5,0,0,Generally Favorable,6.3,29,55,18,34,6,11
"Right Now, Wrong Then",Grasshopper Film,"Jun 24, 2016",2 h 1 m,"['Drama', 'Romance']",6,9,81,Universal Acclaim,14,88,2,13,0,0,Universal Acclaim,8.2,14,93,0,0,1,7
Ford v Ferrari,Twentieth Century Fox,"Nov 15, 2019",2 h 32 m,"['Action', 'Biography', 'Drama', 'Sport']",7,15,81,Universal Acclaim,42,89,5,11,0,0,Universal Acclaim,8.3,695,91,50,7,16,2
Bad Education,Sony Pictures Classics,"Nov 19, 2004",1 h 46 m,"['Crime', 'Drama']",0,15,81,Universal Acclaim,28,82,5,15,1,3,Generally Favorable,7.7,49,80,10,16,2,3
The Mitchells vs. The Machines,Netflix,"Apr 30, 2021",1 h 53 m,"['Animation', 'Adventure', 'Comedy', 'Family', 'Sci-Fi']",9,15,81,Universal Acclaim,31,94,2,6,0,0,Generally Favorable,8.0,290,86,30,9,19,6
The Chambermaid,Kino Lorber,"Jun 26, 2019",1 h 42 m,['Drama'],2,21,81,Universal Acclaim,11,92,1,8,0,0,Generally Favorable,7.1,9,64,3,21,2,14
Silver Linings Playbook,"Weinstein Company, The","Nov 16, 2012",2 h 2 m,"['Comedy', 'Drama', 'Romance']",6,22,81,Universal Acclaim,36,80,8,18,1,2,Universal Acclaim,8.3,953,88,93,9,33,3
"Norte, the End of History",Cinema Guild,"Jun 20, 2014",4 h 10 m,"['Crime', 'Drama']",6,17,81,Universal Acclaim,8,80,2,20,0,0,Generally Favorable,7.3,7,78,1,11,1,11
Elaine Stritch: Shoot Me,Sundance Selects,"Feb 21, 2014",1 h 20 m,['Documentary'],1,4,81,Universal Acclaim,26,96,1,4,0,0,Generally Favorable,7.8,9,69,4,31,0,0
Huesera: The Bone Woman,XYZ Films,"Feb 10, 2023",1 h 33 m,"['Drama', 'Horror']",8,25,81,Universal Acclaim,14,88,2,13,0,0,Generally Favorable,6.3,15,60,6,24,4,16
Waiting for 'Superman',Paramount Vantage,"Sep 24, 2010",1 h 51 m,['Documentary'],5,6,81,Universal Acclaim,29,94,2,6,0,0,Generally Favorable,7.4,46,77,8,13,6,10
Rimini,Big World Pictures,"Mar 17, 2023",1 h 54 m,"['Comedy', 'Drama', 'Music']",2,4,81,Universal Acclaim,10,100,0,0,0,0,Generally Favorable,6.1,5,56,3,33,1,11
Ray & Liz,Kimstim Films,"Jul 10, 2019",1 h 48 m,['Drama'],7,10,81,Universal Acclaim,15,94,1,6,0,0,Generally Favorable,6.5,5,45,5,45,1,9
A Thousand and One,Focus Features,"Mar 31, 2023",1 h 57 m,"['Crime', 'Drama']",2,20,81,Universal Acclaim,27,90,3,10,0,0,Generally Favorable,6.6,32,65,9,18,8,16
Tantura,Reel Peak Films,"Dec 2, 2022",1 h 25 m,"['Documentary', 'History']",3,5,81,Universal Acclaim,12,100,0,0,0,0,Universal Acclaim,8.6,5,100,0,0,0,0
Encounters at the End of the World,Discovery Films,"Jun 11, 2008",1 h 39 m,['Documentary'],1,7,80,Generally Favorable,24,96,1,4,0,0,Generally Favorable,7.4,22,76,4,14,3,10
The Turin Horse,Cinema Guild,"Feb 10, 2012",2 h 26 m,['Drama'],3,9,80,Generally Favorable,12,80,3,20,0,0,Universal Acclaim,8.2,46,84,6,11,3,5
The Proposal,Oscilloscope,"May 24, 2019",1 h 26 m,['Documentary'],3,6,80,Generally Favorable,12,100,0,0,0,0,Generally Favorable,8.0,3,75,1,25,0,0
Unrest,,"Sep 22, 2017",1 h 38 m,"['Documentary', 'Drama', 'History', 'Romance']",4,6,80,Generally Favorable,7,100,0,0,0,0,Universal Acclaim,8.2,17,81,2,10,2,10
Western Stars,Warner Bros.,"Oct 25, 2019",1 h 23 m,"['Documentary', 'Music']",1,3,80,Generally Favorable,14,88,2,13,0,0,Generally Favorable,6.7,10,67,3,20,2,13
Waves,A24,"Nov 15, 2019",2 h 15 m,"['Drama', 'Romance', 'Sport']",6,22,80,Generally Favorable,40,89,5,11,0,0,Generally Favorable,7.3,79,72,16,15,15,14
The Martian,Twentieth Century Fox Film Corporation,"Oct 2, 2015",2 h 24 m,"['Adventure', 'Drama', 'Sci-Fi']",3,19,80,Generally Favorable,40,87,6,13,0,0,Generally Favorable,7.9,1.7k,85,201,10,96,5
Neon Bull,Kino Lorber,"Apr 8, 2016",1 h 41 m,['Drama'],9,30,80,Generally Favorable,13,87,2,13,0,0,Generally Favorable,7.7,27,75,6,17,3,8
Nowhere Special,Cohen Media Group,"Apr 26, 2024",1 h 36 m,['Drama'],4,5,80,Generally Favorable,13,87,2,13,0,0,Generally Favorable,6.8,8,67,2,17,2,17
Wendy and Lucy,Oscilloscope Pictures,"Dec 10, 2008",1 h 20 m,['Drama'],3,7,80,Generally Favorable,28,88,3,9,1,3,Generally Favorable,6.4,20,54,12,32,5,14
X,A24,"Mar 18, 2022",1 h 45 m,"['Horror', 'Mystery', 'Thriller']",2,18,80,Generally Favorable,31,89,4,11,0,0,Generally Favorable,6.5,202,61,90,27,38,12
The Sparks Brothers,Focus Features,"Jun 18, 2021",2 h 20 m,"['Documentary', 'Biography', 'Comedy', 'History', 'Music']",4,9,80,Generally Favorable,33,100,0,0,0,0,Generally Favorable,7.1,23,70,8,24,2,6
Little Girl,Music Box Films,"Sep 17, 2021",1 h 28 m,['Documentary'],4,7,80,Generally Favorable,10,91,1,9,0,0,Mixed or Average,5.3,7,58,0,0,5,42
The Wrestler,Fox Searchlight Pictures,"Dec 17, 2008",1 h 49 m,"['Drama', 'Sport']",5,17,80,Generally Favorable,33,92,3,8,0,0,Universal Acclaim,8.2,267,91,20,7,8,3
The Hours,Paramount Pictures,"Dec 27, 2002",1 h 54 m,"['Drama', 'Romance']",4,28,80,Generally Favorable,35,88,5,13,0,0,Universal Acclaim,8.1,127,82,20,13,7,5
Knock Down the House,Netflix,"May 1, 2019",1 h 26 m,['Documentary'],4,8,80,Generally Favorable,19,95,1,5,0,0,Mixed or Average,4.5,47,44,6,6,53,50
Junebug,Sony Pictures Classics,"Aug 3, 2005",1 h 46 m,"['Comedy', 'Drama']",3,7,80,Generally Favorable,29,85,5,15,0,0,Generally Favorable,7.7,29,76,9,24,0,0
Dinner in America,Madman Entertainment,"May 27, 2022",1 h 46 m,"['Comedy', 'Drama', 'Music', 'Romance']",7,9,80,Generally Favorable,7,88,1,13,0,0,Universal Acclaim,8.8,23,100,0,0,0,0
Café Lumière,,"Jun 10, 2005",1 h 43 m,['Drama'],3,4,80,Generally Favorable,8,89,1,11,0,0,Generally Favorable,7.9,5,71,2,29,0,0
Fiddler: A Miracle of Miracles,Roadside Attractions,"Aug 23, 2019",1 h 32 m,['Documentary'],1,2,80,Generally Favorable,11,100,0,0,0,0,Generally Favorable,7.6,6,86,0,0,1,14
Marcel the Shell with Shoes On,A24,"Jun 24, 2022",1 h 29 m,"['Animation', 'Comedy', 'Drama', 'Family', 'Fantasy']",2,10,80,Generally Favorable,40,95,2,5,0,0,Universal Acclaim,8.1,102,90,9,8,2,2
Good Time,A24,"Aug 11, 2017",1 h 41 m,"['Crime', 'Drama', 'Thriller']",1,14,80,Generally Favorable,33,80,8,20,0,0,Generally Favorable,7.7,259,82,40,13,15,5
"Food, Inc.",Magnolia Pictures,"Jun 12, 2009",1 h 34 m,"['Documentary', 'News']",3,7,80,Generally Favorable,27,96,0,0,1,4,Universal Acclaim,8.1,48,87,6,11,1,2
Everlasting Moments,IFC Films,"Mar 6, 2009",2 h 11 m,"['Drama', 'History']",7,13,80,Generally Favorable,21,88,3,13,0,0,Generally Favorable,7.8,9,90,0,0,1,10
The Secret World of Arrietty,Walt Disney Studios Motion Pictures,"Feb 17, 2012",1 h 34 m,"['Animation', 'Adventure', 'Drama', 'Family', 'Fantasy']",8,11,80,Generally Favorable,26,93,2,7,0,0,Universal Acclaim,8.1,268,87,35,11,5,2
The Wound,Pyramide Distribution,"Aug 16, 2017",1 h 28 m,"['Drama', 'Romance']",10,12,80,Generally Favorable,13,93,1,7,0,0,Generally Favorable,6.4,4,57,1,14,2,29
Perfect Days,Neon,"Nov 10, 2023",2 h 3 m,['Drama'],6,10,80,Generally Favorable,33,87,5,13,0,0,Universal Acclaim,8.2,130,88,12,8,5,3
Four Daughters,Kino Lorber,"Oct 27, 2023",1 h 47 m,['Documentary'],3,7,80,Generally Favorable,18,86,3,14,0,0,Generally Favorable,7.4,14,82,3,18,0,0
"20,000 Species of Bees",Film Movement,"Jun 14, 2024",2 h 5 m,['Drama'],8,31,80,Generally Favorable,9,100,0,0,0,0,Universal Acclaim,8.3,13,100,0,0,0,0
Passages,MUBI,"Aug 4, 2023",1 h 31 m,"['Drama', 'Romance']",0,9,80,Generally Favorable,40,98,1,2,0,0,Generally Favorable,6.6,23,70,6,18,4,12
The Queen of Versailles,Magnolia Pictures,"Jul 20, 2012",1 h 40 m,['Documentary'],3,4,80,Generally Favorable,30,88,4,12,0,0,Generally Favorable,7.9,29,81,7,19,0,0
Theeb,Film Movement,"Nov 6, 2015",1 h 40 m,"['Adventure', 'Drama', 'Thriller']",4,6,80,Generally Favorable,16,89,2,11,0,0,Generally Favorable,7.2,21,72,6,21,2,7
Incendies,Sony Pictures Classics,"Apr 22, 2011",2 h 10 m,"['Drama', 'Mystery', 'War']",18,23,80,Generally Favorable,36,86,6,14,0,0,Universal Acclaim,8.2,204,89,16,7,9,4
The Wild Parrots of Telegraph Hill,Shadow Distribution,"Feb 11, 2005",1 h 23 m,['Documentary'],3,3,80,Generally Favorable,26,96,1,4,0,0,Mixed or Average,5.3,3,50,1,17,2,33
The Color of Paradise,Sony Pictures Classics,"Mar 24, 2000",1 h 30 m,"['Drama', 'Family']",4,8,80,Generally Favorable,24,96,1,4,0,0,Universal Acclaim,8.6,20,95,0,0,1,5
Nine Queens,Sony Pictures Classics,"Apr 19, 2002",1 h 54 m,"['Crime', 'Drama', 'Thriller']",11,15,80,Generally Favorable,29,97,1,3,0,0,Generally Favorable,8.0,40,85,5,11,2,4
Totally Under Control,Neon,"Oct 13, 2020",2 h 3 m,['Documentary'],2,7,80,Generally Favorable,24,92,2,8,0,0,Generally Favorable,6.7,15,79,0,0,4,21
Incredibles 2,Walt Disney Studios Motion Pictures,"Jun 15, 2018",1 h 58 m,"['Animation', 'Action', 'Adventure', 'Comedy', 'Family', 'Sci-Fi', 'Thriller']",2,13,80,Generally Favorable,48,94,3,6,0,0,Generally Favorable,7.7,867,81,148,14,57,5
She's Beautiful When She's Angry,International Film Circuit,"Dec 5, 2014",1 h 32 m,"['Documentary', 'History']",0,2,80,Generally Favorable,11,92,1,8,0,0,Generally Favorable,7.8,4,67,2,33,0,0
Gleason,Open Road Films (II),"Jul 29, 2016",1 h 50 m,"['Documentary', 'Biography']",4,9,80,Generally Favorable,28,97,1,3,0,0,Universal Acclaim,9.0,10,91,1,9,0,0
Casino Royale,Columbia Pictures,"Nov 17, 2006",2 h 24 m,"['Action', 'Adventure', 'Thriller']",7,22,80,Generally Favorable,43,93,3,7,0,0,Universal Acclaim,8.4,775,91,53,6,24,3
Bill Traylor: Chasing Ghosts,Kino Lorber,"Apr 16, 2021",1 h 15 m,['Documentary'],0,0,80,Generally Favorable,7,100,0,0,0,0,Mixed or Average,4.5,1,25,2,50,1,25
The Strange Little Cat,Kimstim Films,"Aug 1, 2014",1 h 12 m,"['Comedy', 'Drama']",3,7,80,Generally Favorable,9,100,0,0,0,0,Generally Favorable,7.7,6,67,3,33,0,0
Saraband,Sony Pictures Classics,"Jul 8, 2005",1 h 47 m,"['Drama', 'Music']",3,3,80,Generally Favorable,25,86,4,14,0,0,Generally Favorable,7.9,20,83,3,13,1,4
Ad Astra,Twentieth Century Fox,"Sep 20, 2019",2 h 3 m,"['Adventure', 'Drama', 'Mystery', 'Sci-Fi', 'Thriller']",2,13,80,Generally Favorable,50,89,6,11,0,0,Generally Favorable,6.2,529,56,220,23,195,21
On the Beach at Night Alone,"Cinema Guild, The","Nov 17, 2017",1 h 41 m,['Drama'],3,7,80,Generally Favorable,13,93,1,7,0,0,Generally Favorable,7.5,9,75,3,25,0,0
Nossa Chape,Front Row Filmed Entertainment,"Jun 1, 2018",1 h 41 m,"['Documentary', 'Sport']",2,3,80,Generally Favorable,7,88,1,13,0,0,Universal Acclaim,8.8,6,100,0,0,0,0
Pervert Park,"Film Sales Company, The","May 20, 2016",1 h 17 m,"['Documentary', 'Crime']",3,4,80,Generally Favorable,9,100,0,0,0,0,Generally Favorable,7.2,4,80,0,0,1,20
Charlie: The Life and Art of Charles Chaplin,Warner Home Video,"Feb 13, 2004",2 h 12 m,"['Documentary', 'Biography']",0,0,80,Generally Favorable,7,88,1,13,0,0,Generally Favorable,7.9,16,80,1,5,3,15
Love & Mercy,Roadside Attractions,"Jun 5, 2015",2 h 1 m,"['Biography', 'Drama', 'Music']",4,12,80,Generally Favorable,36,90,3,8,1,3,Generally Favorable,8.0,130,86,15,10,6,4
Nine Lives,Magnolia Pictures,"Oct 14, 2005",1 h 55 m,['Drama'],5,9,80,Generally Favorable,23,92,1,4,1,4,Generally Favorable,6.7,3,43,4,57,0,0
"Costa Brava, Lebanon",Kino Lorber,"Jul 15, 2022",1 h 46 m,['Drama'],4,7,80,Generally Favorable,13,93,1,7,0,0,Generally Favorable,6.8,2,50,2,50,0,0
American Honey,A24,"Sep 30, 2016",2 h 43 m,"['Adventure', 'Drama', 'Romance']",4,17,80,Generally Favorable,33,79,8,19,1,2,Generally Favorable,7.0,80,67,28,23,12,10
You Hurt My Feelings,A24,"May 26, 2023",1 h 33 m,"['Comedy', 'Drama', 'Romance']",1,5,80,Generally Favorable,37,86,6,14,0,0,Generally Favorable,6.3,32,55,18,31,8,14
Louis Armstrong's Black & Blues,Apple TV+,"Oct 28, 2022",1 h 46 m,"['Documentary', 'Biography', 'Music']",0,6,80,Generally Favorable,13,100,0,0,0,0,Mixed or Average,5.8,2,50,2,50,0,0
"Monrovia, Indiana",Zipporah Films,"Oct 26, 2018",2 h 23 m,['Documentary'],1,4,80,Generally Favorable,16,84,3,16,0,0,Generally Favorable,6.6,4,80,0,0,1,20
Peter and the Farm,Magnolia Pictures,"Nov 4, 2016",1 h 31 m,"['Documentary', 'Biography']",3,4,80,Generally Favorable,12,92,1,8,0,0,Generally Favorable,7.5,4,100,0,0,0,0
True Grit,Paramount Pictures,"Dec 22, 2010",1 h 50 m,"['Drama', 'Western']",3,33,80,Generally Favorable,39,95,1,2,1,2,Generally Favorable,7.7,679,84,92,11,33,4
A Hidden Life,Fox Searchlight Pictures,"Dec 13, 2019",2 h 54 m,"['Biography', 'Drama', 'Romance', 'War']",4,8,80,Generally Favorable,37,84,7,16,0,0,Generally Favorable,7.3,70,73,16,17,10,10
The Meyerowitz Stories (New and Selected),Netflix,"Oct 13, 2017",1 h 52 m,"['Comedy', 'Drama']",3,4,80,Generally Favorable,40,98,1,2,0,0,Generally Favorable,7.0,102,74,23,17,12,9
Arrebato (1979),Altered Innocence,"Oct 1, 2021",1 h 45 m,"['Drama', 'Fantasy', 'Horror', 'Mystery']",3,6,80,Generally Favorable,7,100,0,0,0,0,Mixed or Average,6.0,5,63,0,0,3,38
The Secret in Their Eyes,Sony Pictures Classics,"Apr 16, 2010",2 h 7 m,"['Drama', 'Mystery', 'Romance', 'Thriller']",25,32,80,Generally Favorable,32,89,1,3,3,8,Universal Acclaim,8.4,172,89,17,9,4,2
Bigger Stronger Faster*,Magnolia Pictures,"May 30, 2008",1 h 45 m,"['Documentary', 'Sport']",2,3,80,Generally Favorable,20,100,0,0,0,0,Generally Favorable,6.6,7,64,2,18,2,18
Housekeeping for Beginners,Focus Features,"Apr 5, 2024",1 h 47 m,"['Comedy', 'Drama']",4,6,80,Generally Favorable,11,85,2,15,0,0,Mixed or Average,5.1,4,50,1,13,3,38
What Richard Did,Tribeca Film,"May 10, 2013",1 h 28 m,['Drama'],8,15,80,Generally Favorable,11,85,2,15,0,0,Generally Favorable,6.6,10,67,2,13,3,20
Bending the Arc,Abramorama,"Oct 6, 2017",1 h 42 m,['Documentary'],1,2,80,Generally Favorable,6,86,1,14,0,0,Generally Favorable,6.7,6,67,1,11,2,22
I Wish,Magnolia Pictures,"May 11, 2012",2 h 8 m,['Drama'],4,6,80,Generally Favorable,20,91,2,9,0,0,Generally Favorable,6.9,10,53,7,37,2,11
End of the Century,Cinema Guild,"Aug 16, 2019",1 h 24 m,['Drama'],4,5,80,Generally Favorable,9,90,1,10,0,0,Generally Favorable,6.5,6,55,3,27,2,18
Iris,Magnolia Pictures,"Apr 29, 2015",1 h 20 m,"['Documentary', 'Biography', 'History']",2,4,80,Generally Favorable,25,100,0,0,0,0,Generally Favorable,7.5,14,82,2,12,1,6
Star Wars: Episode VII - The Force Awakens,Walt Disney Studios Motion Pictures,"Dec 18, 2015",2 h 15 m,"['Action', 'Adventure', 'Sci-Fi']",15,38,80,Generally Favorable,51,93,4,7,0,0,Generally Favorable,6.6,5.2k,62,1.3k,16,1.8k,22
Last Men in Aleppo,Grasshopper Film,"May 3, 2017",1 h 23 m,"['Documentary', 'War']",7,8,80,Generally Favorable,14,100,0,0,0,0,Generally Unfavorable,3.9,12,35,5,15,17,50
Spellbound,THINKFilm,"Apr 30, 2003",1 h 37 m,"['Documentary', 'Comedy', 'Thriller']",4,5,80,Generally Favorable,32,94,2,6,0,0,Generally Favorable,7.3,9,75,2,17,1,8
Union,Level Ground Productions,"Oct 18, 2024",1 h 40 m,['Documentary'],3,7,80,Generally Favorable,11,100,0,0,0,0,Mixed or Average,4.5,3,50,1,17,2,33
Making Waves: The Art of Cinematic Sound,Dogwoof Pictures,"Oct 25, 2019",1 h 34 m,"['Documentary', 'History']",1,4,80,Generally Favorable,11,92,1,8,0,0,Generally Favorable,6.1,5,71,1,14,1,14
Rabbit-Proof Fence,Miramax Films,"Nov 29, 2002",1 h 34 m,"['Adventure', 'Biography', 'Drama']",6,18,80,Generally Favorable,29,94,2,6,0,0,Generally Favorable,7.9,28,88,3,9,1,3
Going Clear: Scientology and the Prison of Belief,Home Box Office (HBO),"Mar 13, 2015",1 h 59 m,['Documentary'],4,14,80,Generally Favorable,10,91,1,9,0,0,Universal Acclaim,8.3,67,94,3,4,1,1
White God,Magnolia Pictures,"Mar 27, 2015",2 h 1 m,"['Adventure', 'Drama', 'Thriller']",3,6,80,Generally Favorable,26,90,3,10,0,0,Generally Favorable,7.1,39,72,9,17,6,11
My Dog Tulip,New Yorker Films,"Sep 1, 2010",1 h 23 m,"['Animation', 'Drama']",0,2,80,Generally Favorable,17,89,2,11,0,0,Generally Favorable,6.4,10,59,5,29,2,12
Whale Rider,Newmarket Films,"Jun 6, 2003",1 h 41 m,"['Drama', 'Family']",9,20,80,Generally Favorable,28,90,3,10,0,0,Generally Favorable,6.8,32,71,8,18,5,11
The Mill and the Cross,Koch Lorber Films,"Sep 14, 2011",1 h 32 m,"['Drama', 'History']",7,10,80,Generally Favorable,15,88,2,12,0,0,Generally Favorable,6.6,14,67,5,24,2,10
Lean on Pete,Filmcoopi Zürich,"Apr 6, 2018",2 h 1 m,"['Adventure', 'Drama', 'Sport']",5,10,80,Generally Favorable,38,86,6,14,0,0,Generally Favorable,7.7,50,85,8,14,1,2
Claire's Camera,Cinema Guild,"Mar 9, 2018",1 h 9 m,['Drama'],2,3,80,Generally Favorable,14,93,1,7,0,0,Mixed or Average,5.8,6,55,2,18,3,27
Last and First Men,,"Dec 10, 2021",1 h 10 m,"['Fantasy', 'Mystery', 'Sci-Fi']",2,7,80,Generally Favorable,9,82,2,18,0,0,Generally Favorable,6.8,9,69,2,15,2,15
Bergman Island,Les Films du Losange,"Oct 15, 2021",1 h 52 m,"['Comedy', 'Drama', 'Romance']",0,4,80,Generally Favorable,27,84,5,16,0,0,Generally Favorable,6.8,23,70,7,21,3,9
Barbie,Warner Bros.,"Jul 21, 2023",1 h 54 m,"['Adventure', 'Comedy', 'Fantasy']",9,44,80,Generally Favorable,61,91,5,7,1,1,Mixed or Average,5.7,1.1k,53,287,14,676,33
Minority Report,Twentieth Century Fox Film Corporation,"Jun 21, 2002",2 h 25 m,"['Action', 'Crime', 'Mystery', 'Sci-Fi', 'Thriller']",4,23,80,Generally Favorable,35,95,2,5,0,0,Generally Favorable,7.8,410,87,49,10,14,3
We the Animals,The Orchard,"Aug 17, 2018",1 h 34 m,['Drama'],3,22,80,Generally Favorable,22,81,4,15,1,4,Generally Favorable,6.2,21,58,7,19,8,22
Wild Rose,Neon,"Jun 21, 2019",1 h 41 m,"['Drama', 'Music']",2,16,80,Generally Favorable,30,94,2,6,0,0,Universal Acclaim,8.6,94,88,10,9,3,3
The Simpsons Movie,Twentieth Century Fox Film Corporation,"Jul 27, 2007",1 h 27 m,"['Animation', 'Adventure', 'Comedy']",1,7,80,Generally Favorable,35,97,1,3,0,0,Generally Favorable,7.9,433,84,62,12,18,4
Strange Darling,Magenta Light Studios,"Aug 23, 2024",1 h 36 m,"['Horror', 'Thriller']",3,13,80,Generally Favorable,19,83,2,9,2,9,Generally Favorable,7.0,119,78,14,9,20,13
Boy and the World,GKIDS,"Dec 11, 2015",1 h 20 m,"['Animation', 'Adventure', 'Family']",3,8,80,Generally Favorable,17,94,1,6,0,0,Generally Favorable,7.8,37,80,5,11,4,9
Babylon,Kino Lorber,"Mar 8, 2019",1 h 35 m,['Drama'],0,0,80,Generally Favorable,8,89,1,11,0,0,Mixed or Average,5.5,4,36,5,45,2,18
Finders Keepers,,"Sep 25, 2015",1 h 22 m,['Documentary'],2,4,80,Generally Favorable,13,100,0,0,0,0,Generally Favorable,6.5,3,75,0,0,1,25
Room 237,IFC Films,"Mar 29, 2013",1 h 42 m,['Documentary'],0,8,80,Generally Favorable,26,87,3,10,1,3,Generally Favorable,6.2,57,53,30,28,20,19
The Eternal Daughter,A24,"Dec 2, 2022",1 h 36 m,"['Drama', 'Mystery']",1,6,80,Generally Favorable,28,82,6,18,0,0,Generally Favorable,6.5,11,50,11,50,0,0
The Settlers,MUBI,"Jan 12, 2024",1 h 37 m,"['Crime', 'Drama', 'History']",9,17,80,Generally Favorable,18,95,1,5,0,0,Generally Favorable,7.1,17,74,3,13,3,13
Personality Crisis: One Night Only,Showtime Documentary Films,"Apr 14, 2023",2 h,"['Documentary', 'Biography', 'Music']",0,1,80,Generally Favorable,9,100,0,0,0,0,Generally Favorable,7.8,4,100,0,0,0,0
The Beast,Janus Film,"Apr 5, 2024",2 h 26 m,"['Drama', 'Romance', 'Sci-Fi', 'Thriller']",3,17,80,Generally Favorable,29,83,6,17,0,0,Generally Favorable,6.4,33,66,8,16,9,18
Lady Chatterley,Kino International,"Jun 22, 2007",2 h 48 m,"['Drama', 'Romance']",8,15,80,Generally Favorable,24,92,2,8,0,0,Mixed or Average,4.8,4,29,5,36,5,36
A Beautiful Day in the Neighborhood,TriStar Pictures,"Nov 22, 2019",1 h 49 m,"['Biography', 'Drama', 'Family']",2,7,80,Generally Favorable,47,94,3,6,0,0,Generally Favorable,7.1,150,72,39,19,19,9
The Forty-Year-Old Version,Netflix,"Oct 2, 2020",2 h 9 m,"['Comedy', 'Drama']",5,14,80,Generally Favorable,26,93,2,7,0,0,Generally Favorable,6.7,27,63,8,19,8,19
Compartment No. 6,Sony Pictures Classics,"Nov 19, 2021",1 h 47 m,"['Drama', 'Romance']",10,17,80,Generally Favorable,28,85,5,15,0,0,Generally Favorable,7.5,28,88,3,9,1,3
Lucky,Magnolia Pictures,"Sep 29, 2017",1 h 28 m,"['Comedy', 'Drama', 'Western']",6,8,80,Generally Favorable,32,94,2,6,0,0,Generally Favorable,7.4,45,76,12,20,2,3
Sleep,Magnet Releasing,"Sep 27, 2024",1 h 35 m,"['Horror', 'Mystery', 'Thriller']",1,10,80,Generally Favorable,16,94,1,6,0,0,Generally Favorable,6.3,20,67,5,17,5,17
7 Prisoners,Netflix,"Nov 5, 2021",1 h 33 m,"['Crime', 'Drama']",2,23,80,Generally Favorable,16,94,1,6,0,0,Generally Favorable,7.2,23,82,4,14,1,4
The Band's Visit,Sony Pictures Classics,"Feb 8, 2008",1 h 27 m,"['Comedy', 'Drama', 'Music', 'Romance']",15,22,80,Generally Favorable,29,100,0,0,0,0,Generally Favorable,7.7,12,92,0,0,1,8
Ham on Rye,Factory 25,"Oct 23, 2020",1 h 25 m,"['Drama', 'Mystery']",1,3,80,Generally Favorable,7,100,0,0,0,0,Generally Unfavorable,2.4,0,0,2,29,5,71
Call Me Kuchu,Cinedigm,"Jun 14, 2013",1 h 27 m,['Documentary'],5,8,80,Generally Favorable,14,93,1,7,0,0,Mixed or Average,5.0,5,42,2,17,5,42
Berberian Sound Studio,IFC Midnight,"Jun 14, 2013",1 h 32 m,"['Drama', 'Horror', 'Thriller']",6,13,80,Generally Favorable,19,86,3,14,0,0,Generally Favorable,6.7,24,57,14,33,4,10
Mad God,Shudder,"Jun 16, 2022",1 h 23 m,"['Animation', 'Fantasy', 'Horror', 'Sci-Fi']",4,8,80,Generally Favorable,12,86,1,7,1,7,Generally Favorable,7.0,42,69,10,16,9,15
Tokyo Sonata,Regent Releasing,"Mar 13, 2009",2 h,['Drama'],5,7,80,Generally Favorable,21,95,1,5,0,0,Universal Acclaim,8.4,24,96,1,4,0,0
Il Futuro,Strand Releasing,"Sep 6, 2013",1 h 34 m,['Drama'],2,11,80,Generally Favorable,8,89,1,11,0,0,Generally Favorable,6.3,4,40,4,40,2,20
Tristram Shandy: A Cock and Bull Story,Picturehouse Entertainment,"Jan 27, 2006",1 h 34 m,['Comedy'],0,9,80,Generally Favorable,34,97,1,3,0,0,Mixed or Average,6.0,5,45,5,45,1,9
"Good Night, and Good Luck.",Warner Independent Pictures (WIP),"Oct 7, 2005",1 h 33 m,"['Biography', 'Drama', 'History']",2,21,80,Generally Favorable,35,85,5,12,1,2,Generally Favorable,7.1,63,69,22,24,6,7
The Survivalist,IFC Midnight,"May 19, 2017",1 h 44 m,"['Drama', 'Sci-Fi', 'Thriller']",2,8,80,Generally Favorable,9,90,1,10,0,0,Generally Favorable,6.4,20,56,12,33,4,11
David Crosby: Remember My Name,Sony Pictures Classics,"Jul 19, 2019",1 h 35 m,"['Documentary', 'Music']",2,6,80,Generally Favorable,21,95,1,5,0,0,Generally Favorable,7.6,6,86,1,14,0,0
Aquarela,Sony Pictures Classics,"Aug 16, 2019",1 h 29 m,['Documentary'],1,9,80,Generally Favorable,18,90,2,10,0,0,Mixed or Average,5.7,4,36,5,45,2,18
The Pearl Button,Kino Lorber,"Oct 23, 2015",1 h 22 m,['Documentary'],6,8,80,Generally Favorable,15,83,3,17,0,0,Universal Acclaim,8.6,5,100,0,0,0,0
Deep Water,IFC Films,"Aug 24, 2007",1 h 32 m,"['Documentary', 'History', 'Sport']",3,3,80,Generally Favorable,22,92,2,8,0,0,Generally Favorable,7.0,9,82,0,0,2,18
The Force,Kino Lorber,"Sep 22, 2017",1 h 20 m,['Documentary'],2,5,80,Generally Favorable,9,90,1,10,0,0,Mixed or Average,4.8,3,50,0,0,3,50
Lorna's Silence,Sony Pictures Classics,"Jul 31, 2009",1 h 45 m,['Drama'],2,5,80,Generally Favorable,24,100,0,0,0,0,Generally Favorable,7.4,9,69,4,31,0,0
Other People's Children,Music Box Films,"Apr 21, 2023",1 h 43 m,"['Comedy', 'Drama', 'Romance']",3,7,80,Generally Favorable,18,90,2,10,0,0,Generally Favorable,6.5,7,70,1,10,2,20
Holiday,Breaking Glass Pictures,"Feb 8, 2019",1 h 33 m,"['Crime', 'Drama']",6,14,80,Generally Favorable,5,63,3,38,0,0,Generally Favorable,6.2,5,50,4,40,1,10
I Am Not a Witch,Film Movement,"Sep 7, 2018",1 h 33 m,"['Comedy', 'Drama']",7,18,80,Generally Favorable,18,90,2,10,0,0,Generally Favorable,7.4,11,79,3,21,0,0
Clouds of Sils Maria,IFC Films,"Apr 10, 2015",2 h 4 m,['Drama'],7,18,80,Generally Favorable,37,88,4,10,1,2,Generally Favorable,7.1,72,71,22,22,7,7
Coraline,Focus Features,"Feb 6, 2009",1 h 40 m,"['Animation', 'Drama', 'Family', 'Fantasy']",3,12,80,Generally Favorable,36,90,4,10,0,0,Universal Acclaim,8.1,451,84,51,10,32,6
Jezebel,Array Films,"Jan 17, 2020",1 h 28 m,['Drama'],4,4,80,Generally Favorable,6,75,2,25,0,0,Generally Favorable,6.8,3,75,0,0,1,25
Demon,"Orchard, The","Sep 9, 2016",1 h 34 m,"['Drama', 'Fantasy', 'Horror', 'Thriller']",3,3,80,Generally Favorable,17,89,2,11,0,0,Generally Favorable,6.2,15,43,14,40,6,17
Gasoline Rainbow,MUBI,"May 10, 2024",1 h 48 m,"['Adventure', 'Drama']",2,4,80,Generally Favorable,18,90,2,10,0,0,Mixed or Average,4.5,7,41,1,6,9,53
Light From Light,Grasshopper Film,"Nov 1, 2019",1 h 22 m,['Drama'],1,3,80,Generally Favorable,13,93,1,7,0,0,Generally Favorable,7.6,4,80,1,20,0,0
"Introducing, Selma Blair",Strand Releasing,"Oct 15, 2021",1 h 30 m,['Documentary'],3,6,80,Generally Favorable,12,100,0,0,0,0,Generally Favorable,8.0,4,100,0,0,0,0
Too Late to Die Young,Kimstim Films,"May 31, 2019",1 h 50 m,['Drama'],4,7,80,Generally Favorable,14,93,1,7,0,0,Generally Favorable,7.8,4,80,1,20,0,0
The Nature of Love,Music Box Films,"Jul 5, 2024",1 h 51 m,"['Comedy', 'Drama', 'Romance']",3,20,80,Generally Favorable,8,89,1,11,0,0,Generally Favorable,6.9,11,61,5,28,2,11
Goodbye First Love,IFC Films,"Apr 20, 2012",1 h 50 m,"['Drama', 'Romance']",1,4,80,Generally Favorable,18,86,3,14,0,0,Generally Favorable,6.9,10,63,3,19,3,19
Little Miss Sunshine,Fox Searchlight Pictures,"Jul 26, 2006",1 h 41 m,"['Comedy', 'Drama']",3,15,80,Generally Favorable,34,94,2,6,0,0,Universal Acclaim,8.2,321,89,31,9,8,2
The Endless,Well Go USA Entertainment,"Apr 6, 2018",1 h 51 m,"['Horror', 'Mystery', 'Sci-Fi', 'Thriller']",3,6,80,Generally Favorable,22,100,0,0,0,0,Generally Favorable,7.0,88,68,29,22,12,9
All Is Well,Netflix,"Jun 6, 2019",1 h 30 m,['Drama'],6,9,80,Generally Favorable,7,100,0,0,0,0,Mixed or Average,4.6,2,29,3,43,2,29
Liyana,Abramorama,"Oct 10, 2018",1 h 17 m,"['Documentary', 'Animation']",6,6,80,Generally Favorable,10,100,0,0,0,0,Generally Favorable,7.0,3,75,0,0,1,25
The Old Man & the Gun,Fox Searchlight Pictures,"Sep 28, 2018",1 h 33 m,"['Biography', 'Comedy', 'Crime', 'Drama', 'Romance']",1,5,80,Generally Favorable,47,96,2,4,0,0,Generally Favorable,6.7,73,68,26,24,8,7
The Four Times (Le Quattro Volte),Lorber Films,"Mar 30, 2011",1 h 28 m,['Drama'],4,8,80,Generally Favorable,13,81,3,19,0,0,Generally Favorable,6.7,7,70,1,10,2,20
Linoleum,Blue Fox Entertainment,"Feb 24, 2023",1 h 41 m,"['Drama', 'Sci-Fi']",3,3,80,Generally Favorable,18,90,2,10,0,0,Generally Favorable,7.3,12,75,4,25,0,0
The Other Side of the Wind,Netflix,"Nov 2, 2018",2 h 2 m,['Drama'],6,6,80,Generally Favorable,29,91,3,9,0,0,Generally Favorable,7.6,33,73,9,20,3,7
Cow,IFC Films,"Apr 8, 2022",1 h 33 m,['Documentary'],3,11,80,Generally Favorable,28,97,1,3,0,0,Generally Favorable,7.1,10,83,1,8,1,8
West of Memphis,Sony Pictures Classics,"Dec 25, 2012",2 h 27 m,"['Documentary', 'Crime']",1,3,80,Generally Favorable,24,89,3,11,0,0,Generally Favorable,7.1,19,79,2,8,3,13
"Arabian Nights: Volume 3, The Enchanted One",Kino Lorber,"Dec 18, 2015",2 h 5 m,['Drama'],9,19,80,Generally Favorable,9,90,1,10,0,0,Generally Favorable,6.5,2,33,4,67,0,0
Last Resort,Shooting Gallery,"Feb 23, 2001",1 h 13 m,"['Drama', 'Romance']",6,10,80,Generally Favorable,21,100,0,0,0,0,Generally Favorable,7.0,4,80,0,0,1,20
Red Rooms,Utopia,"Sep 6, 2024",1 h 58 m,"['Crime', 'Horror', 'Mystery', 'Thriller']",6,23,80,Generally Favorable,14,88,2,13,0,0,Generally Favorable,7.3,41,82,4,8,5,10
Frost/Nixon,Universal Pictures,"Dec 5, 2008",2 h 2 m,"['Biography', 'Drama', 'History']",0,16,80,Generally Favorable,35,92,3,8,0,0,Generally Favorable,7.9,112,88,15,12,1,1
Red Rooms,Utopia,"Sep 6, 2024",1 h 58 m,"['Crime', 'Horror', 'Mystery', 'Thriller']",6,23,80,Generally Favorable,14,88,2,13,0,0,Generally Favorable,7.3,41,82,4,8,5,10
Senna,Producers Distribution Agency (PDA),"Aug 12, 2011",1 h 46 m,"['Documentary', 'Biography', 'Sport']",4,10,79,Generally Favorable,28,93,2,7,0,0,Universal Acclaim,8.7,107,96,4,4,1,1
The Piano Teacher,Kino International,"Mar 29, 2002",2 h 11 m,"['Drama', 'Music']",6,11,79,Generally Favorable,24,89,3,11,0,0,Universal Acclaim,8.2,83,87,9,9,3,3
The Lost Leonardo,Sony Pictures Classics,"Aug 13, 2021",1 h 30 m,"['Documentary', 'Mystery']",0,4,79,Generally Favorable,17,100,0,0,0,0,Universal Acclaim,8.7,6,100,0,0,0,0
Mickey and the Bear,,"Nov 13, 2019",1 h 28 m,['Drama'],4,4,79,Generally Favorable,13,100,0,0,0,0,Generally Favorable,6.7,3,43,4,57,0,0
"Monsters, Inc.",Buena Vista Pictures,"Nov 2, 2001",1 h 32 m,"['Animation', 'Adventure', 'Comedy', 'Family', 'Fantasy']",3,16,79,Generally Favorable,31,89,4,11,0,0,Universal Acclaim,8.6,735,95,33,4,3,0
Beyond the Hills,Sundance Selects,"Mar 8, 2013",2 h 30 m,['Drama'],2,9,79,Generally Favorable,31,94,1,3,1,3,Generally Favorable,7.7,19,76,4,16,2,8
Wife of a Spy,Kino Lorber,"Sep 17, 2021",1 h 55 m,"['Drama', 'History', 'War']",5,9,79,Generally Favorable,16,100,0,0,0,0,Generally Favorable,6.6,6,75,1,13,1,13
Glen Campbell: I'll Be Me,Area 23a,"Oct 24, 2014",1 h 56 m,"['Documentary', 'Biography', 'Family', 'Music']",1,5,79,Generally Favorable,13,100,0,0,0,0,Generally Favorable,7.9,6,86,1,14,0,0
"Orlando, My Political Biography",Janus Film,"Nov 10, 2023",1 h 39 m,['Documentary'],6,10,79,Generally Favorable,10,83,2,17,0,0,Generally Unfavorable,3.3,2,33,0,0,4,67
Working Woman,Arti Film,"Mar 29, 2019",1 h 33 m,['Drama'],2,6,79,Generally Favorable,11,100,0,0,0,0,Generally Favorable,6.5,3,75,0,0,1,25
The Sessions,Fox Searchlight Pictures,"Oct 19, 2012",1 h 35 m,"['Biography', 'Comedy', 'Drama', 'Romance']",0,9,79,Generally Favorable,36,92,3,8,0,0,Generally Favorable,7.5,85,79,20,19,2,2
Mank,Netflix,"Nov 13, 2020",2 h 11 m,"['Biography', 'Drama']",3,29,79,Generally Favorable,45,87,7,13,0,0,Generally Favorable,6.5,174,66,43,16,46,17
March of the Penguins,National Geographic Films,"Jun 24, 2005",1 h 20 m,"['Documentary', 'Family']",4,7,79,Generally Favorable,35,90,4,10,0,0,Generally Favorable,7.7,44,83,7,13,2,4
Winter on Fire: Ukraine's Fight for Freedom,Netflix,"Oct 9, 2015",1 h 42 m,"['Documentary', 'History']",2,3,79,Generally Favorable,11,92,1,8,0,0,Generally Favorable,6.7,41,71,4,7,13,22
Jonestown: The Life and Death of Peoples Temple,Seventh Art Releasing,"Oct 20, 2006",1 h 26 m,"['Documentary', 'History']",1,4,79,Generally Favorable,19,95,1,5,0,0,Generally Favorable,7.2,5,83,1,17,0,0
Oasis,Lifesize Entertainment,"May 7, 2004",2 h 13 m,"['Drama', 'Romance']",11,13,79,Generally Favorable,13,93,1,7,0,0,Universal Acclaim,8.1,9,82,1,9,1,9
Annihilation,Paramount Pictures,"Feb 23, 2018",1 h 55 m,"['Adventure', 'Drama', 'Horror', 'Mystery', 'Sci-Fi', 'Thriller']",4,28,79,Generally Favorable,44,86,5,10,2,4,Generally Favorable,7.0,729,69,200,19,128,12
City of God,Miramax Films,"Jan 17, 2003",2 h 10 m,"['Crime', 'Drama']",6,21,79,Generally Favorable,27,82,6,18,0,0,Universal Acclaim,9.0,493,96,11,2,8,2
Pariah,Focus Features,"Dec 28, 2011",1 h 26 m,['Drama'],5,20,79,Generally Favorable,33,97,1,3,0,0,Generally Favorable,6.6,21,75,0,0,7,25
Pride,CBS Films,"Sep 26, 2014",2 h,"['Biography', 'Comedy', 'Drama', 'History', 'Romance']",5,11,79,Generally Favorable,34,94,1,3,1,3,Generally Favorable,7.7,102,84,10,8,10,8
Ava,Grasshopper Film,"Apr 27, 2018",1 h 42 m,['Drama'],4,12,79,Generally Favorable,12,92,0,0,1,8,Mixed or Average,5.0,2,50,1,25,1,25
Hotel Rwanda,United Artists,"Dec 22, 2004",2 h 1 m,"['Biography', 'Drama', 'History', 'War']",3,10,79,Generally Favorable,37,93,3,8,0,0,Generally Favorable,8.0,157,90,15,9,3,2
Babygirl,A24,"Dec 25, 2024",1 h 54 m,"['Drama', 'Romance', 'Thriller']",4,5,79,Generally Favorable,48,87,6,11,1,2,Mixed or Average,5.5,89,48,42,23,53,29
Eureka,Shooting Gallery,"May 4, 2001",3 h 37 m,['Drama'],4,5,79,Generally Favorable,19,86,3,14,0,0,Mixed or Average,5.8,3,60,0,0,2,40
Midnight Traveler,Oscilloscope,"Sep 18, 2019",1 h 28 m,"['Documentary', 'War']",6,7,79,Generally Favorable,19,100,0,0,0,0,Generally Favorable,7.0,2,40,3,60,0,0
Funan,GKIDS,"Jun 7, 2019",1 h 24 m,"['Animation', 'Drama', 'History', 'War']",3,4,79,Generally Favorable,9,100,0,0,0,0,Generally Favorable,6.8,3,50,3,50,0,0
Joan Rivers: A Piece of Work,IFC Films,"Jun 11, 2010",1 h 24 m,"['Documentary', 'Biography', 'Comedy', 'Drama']",3,4,79,Generally Favorable,32,94,2,6,0,0,Generally Favorable,7.6,22,85,3,12,1,4
Baran,Miramax Films,"Dec 7, 2001",1 h 34 m,"['Drama', 'Romance']",11,13,79,Generally Favorable,24,96,0,0,1,4,Generally Favorable,6.9,15,65,5,22,3,13
High Fidelity,Buena Vista Pictures,"Mar 31, 2000",1 h 53 m,"['Comedy', 'Drama', 'Music', 'Romance']",1,6,79,Generally Favorable,31,89,4,11,0,0,Generally Favorable,7.5,91,82,15,14,5,5
The Black Panthers: Vanguard of the Revolution,,"Sep 2, 2015",1 h 55 m,"['Documentary', 'History']",3,3,79,Generally Favorable,18,90,2,10,0,0,Mixed or Average,5.6,9,64,1,7,4,29
Coriolanus,The Weinstein Company,"Dec 2, 2011",2 h 2 m,"['Drama', 'Thriller', 'War']",2,6,79,Generally Favorable,30,94,1,3,1,3,Generally Favorable,6.9,49,65,18,24,8,11
It Ain't Over,Sony Pictures Classics,"May 12, 2023",1 h 38 m,"['Documentary', 'Biography', 'History', 'Sport']",2,4,79,Generally Favorable,13,100,0,0,0,0,Generally Favorable,6.2,4,67,1,17,1,17
Bad Education,HBO,"Apr 25, 2020",1 h 48 m,"['Biography', 'Comedy', 'Crime', 'Drama']",5,15,79,Generally Favorable,27,93,2,7,0,0,Generally Favorable,7.5,82,77,23,22,1,1
A House Made of Splinters,Giant Pictures,"Feb 21, 2023",1 h 27 m,['Documentary'],1,7,79,Generally Favorable,9,90,1,10,0,0,Generally Favorable,7.8,7,78,2,22,0,0
A Most Violent Year,A24,"Dec 31, 2014",2 h 5 m,"['Crime', 'Drama', 'Thriller']",0,9,79,Generally Favorable,38,86,6,14,0,0,Generally Favorable,6.9,156,69,45,20,24,11
An Easy Girl,Netflix,"Aug 13, 2020",1 h 32 m,"['Comedy', 'Drama']",0,3,79,Generally Favorable,8,89,1,11,0,0,Mixed or Average,6.0,8,44,6,33,4,22
Io Capitano,01 Distribution,"Feb 23, 2024",2 h 1 m,['Drama'],7,17,79,Generally Favorable,23,92,2,8,0,0,Generally Favorable,7.4,34,81,5,12,3,7
Gone Girl,Twentieth Century Fox Film Corporation,"Oct 3, 2014",2 h 29 m,"['Drama', 'Mystery', 'Thriller']",2,15,79,Generally Favorable,39,80,10,20,0,0,Universal Acclaim,8.1,1.4k,87,119,7,95,6
Mountains May Depart,Kino Lorber,"Feb 12, 2016",2 h 11 m,"['Drama', 'Romance']",10,22,79,Generally Favorable,18,78,5,22,0,0,Generally Favorable,7.5,15,83,3,17,0,0
The Central Park Five,Sundance Selects,"Nov 23, 2012",1 h 59 m,"['Documentary', 'Crime', 'History']",1,6,79,Generally Favorable,19,95,1,5,0,0,Generally Favorable,8.0,20,91,1,5,1,5
The Goldman Case,,"Sep 6, 2024",1 h 55 m,"['Crime', 'Drama', 'History']",3,15,79,Generally Favorable,13,93,1,7,0,0,Generally Favorable,6.4,7,64,1,9,3,27
Kinsey,Fox Searchlight Pictures,"Nov 12, 2004",1 h 58 m,"['Biography', 'Drama', 'Romance']",0,11,79,Generally Favorable,35,88,5,13,0,0,Generally Favorable,6.5,26,55,14,30,7,15
"Christmas, Again",Factory 25,"Dec 3, 2015",1 h 20 m,"['Drama', 'Romance']",1,3,79,Generally Favorable,11,92,1,8,0,0,Universal Acclaim,8.3,7,88,1,13,0,0
Sami Blood,Synergetic Distribution,"Jun 2, 2017",1 h 50 m,"['Drama', 'History']",7,16,79,Generally Favorable,7,100,0,0,0,0,Generally Favorable,6.8,9,82,0,0,2,18
Flux Gourmet,IFC Midnight,"Jun 24, 2022",1 h 51 m,"['Comedy', 'Drama', 'Horror']",2,10,79,Generally Favorable,21,81,5,19,0,0,Mixed or Average,5.5,3,27,6,55,2,18
The Auschwitz Report,Samuel Goldwyn Films,"Sep 24, 2021",1 h 34 m,"['Drama', 'History', 'War']",2,8,79,Generally Favorable,9,100,0,0,0,0,Mixed or Average,5.5,2,50,1,25,1,25
Gabrielle,Wellspring Media,"Jul 14, 2006",1 h 30 m,"['Drama', 'Romance']",3,8,79,Generally Favorable,18,90,2,10,0,0,Mixed or Average,5.1,3,38,2,25,3,38
War Photographer,First Run Features,"Jun 19, 2002",1 h 36 m,"['Documentary', 'War']",2,4,79,Generally Favorable,10,83,2,17,0,0,Generally Favorable,7.0,3,75,0,0,1,25
Madadayo,"Criterion Collection, The","Sep 1, 2000",2 h 14 m,['Drama'],6,10,79,Generally Favorable,9,82,2,18,0,0,Generally Favorable,6.9,13,72,3,17,2,11
Sexy Beast,Twentieth Century Fox Film Corporation,"Jun 13, 2001",1 h 29 m,"['Crime', 'Drama', 'Thriller']",4,7,79,Generally Favorable,28,93,1,3,1,3,Generally Favorable,7.9,43,84,7,14,1,2
Policeman,Corinth Films,"Jun 13, 2014",1 h 45 m,"['Crime', 'Drama']",5,13,79,Generally Favorable,10,83,2,17,0,0,Generally Favorable,6.5,7,64,1,9,3,27
Copa 71,Greenwich Entertainment,"Jun 21, 2024",1 h 30 m,"['Documentary', 'History', 'Sport']",2,4,79,Generally Favorable,12,100,0,0,0,0,Universal Acclaim,8.1,12,80,3,20,0,0
Harvard Beats Yale 29-29,Gravitas Ventures,"Nov 19, 2008",1 h 45 m,"['Documentary', 'Biography', 'Sport', 'War']",0,0,79,Generally Favorable,15,88,2,12,0,0,Generally Favorable,6.8,4,80,0,0,1,20
Dear White People,Lionsgate,"Oct 17, 2014",1 h 48 m,"['Comedy', 'Drama', 'Romance']",4,18,79,Generally Favorable,29,91,3,9,0,0,Mixed or Average,4.3,63,40,22,14,73,46
Ahed's Knee,Kino Lorber,"Mar 18, 2022",1 h 49 m,"['Drama', 'Music']",1,10,79,Generally Favorable,16,89,2,11,0,0,Generally Favorable,7.8,3,60,2,40,0,0
Broken Flowers,Focus Features,"Aug 5, 2005",1 h 46 m,"['Comedy', 'Drama', 'Mystery', 'Romance']",2,5,79,Generally Favorable,34,87,5,13,0,0,Generally Favorable,7.0,53,66,21,26,6,8
Loving,Focus Features,"Nov 4, 2016",2 h 3 m,"['Biography', 'Drama', 'Romance']",3,11,79,Generally Favorable,42,91,4,9,0,0,Generally Favorable,7.1,90,72,29,23,6,5
Silence,Paramount Pictures,"Dec 23, 2016",2 h 41 m,"['Drama', 'History']",1,15,79,Generally Favorable,39,81,8,17,1,2,Generally Favorable,7.6,298,80,47,13,28,8
November,Oscilloscope Laboratories,"Feb 23, 2018",1 h 55 m,"['Drama', 'Fantasy', 'Horror', 'Romance']",15,17,79,Generally Favorable,10,100,0,0,0,0,Generally Favorable,7.8,19,86,1,5,2,9
I've Loved You So Long,Sony Pictures Classics,"Oct 24, 2008",1 h 57 m,['Drama'],4,11,79,Generally Favorable,25,89,3,11,0,0,Generally Favorable,7.8,15,83,1,6,2,11
One to One: John & Yoko,Magnolia Pictures,"Apr 11, 2025",1 h 40 m,"['Documentary', 'Biography']",0,2,79,Generally Favorable,20,87,3,13,0,0,Generally Favorable,6.5,3,75,0,0,1,25
The Crash Reel,Phase 4 Films,"Jul 5, 2013",1 h 48 m,"['Documentary', 'Biography', 'Sport']",5,7,79,Generally Favorable,14,93,1,7,0,0,Universal Acclaim,8.7,17,94,0,0,1,6
Hitchcock/Truffaut,Cohen Media Group,"Dec 2, 2015",1 h 19 m,['Documentary'],1,2,79,Generally Favorable,23,92,2,8,0,0,Generally Favorable,7.8,20,80,5,20,0,0
Science Fair,National Geographic Channel,"Sep 14, 2018",1 h 30 m,['Documentary'],5,6,79,Generally Favorable,14,93,1,7,0,0,Generally Favorable,7.8,7,88,0,0,1,13
The Order of Myths,Cinema Guild,"Jul 25, 2008",1 h 37 m,['Documentary'],2,7,79,Generally Favorable,11,92,1,8,0,0,Generally Unfavorable,3.0,1,25,0,0,3,75
Hotel by the River,Cinema Guild,"Feb 15, 2019",1 h 36 m,['Drama'],5,7,79,Generally Favorable,12,100,0,0,0,0,Generally Favorable,7.0,6,75,1,13,1,13
Flags of Our Fathers,Paramount Pictures,"Oct 20, 2006",2 h 12 m,"['Action', 'Adventure', 'Drama', 'History', 'War']",3,13,79,Generally Favorable,32,82,7,18,0,0,Generally Favorable,7.2,93,76,24,20,6,5
Reprise,Miramax Films,"May 16, 2008",1 h 45 m,['Drama'],8,15,79,Generally Favorable,24,96,1,4,0,0,Generally Favorable,7.1,8,57,6,43,0,0
